Дата;Артикул;Наименование;Тип;Количество;Комментарий
2026-09-04;PACK-10;Верёвка упакованная 10мм (бухты);Приход;392;Производство (плетение)
2026-09-04;HORSE-10;Шнур конный спорт 10мм;Приход;134;Производство (плетение)
2026-09-04;HORSE-8;Шнур конный спорт 8мм;Продажа;-170;Отгрузка клиенту
2026-09-04;HORSE-8;Шнур конный спорт 8мм;Приход;140;Производство (плетение)
2026-09-04;BANNER-4;Шнур баннерный 4мм;Продажа;-259;Отгрузка клиенту
2026-09-04;BANNER-4;Шнур баннерный 4мм;Приход;408;Производство (плетение)
2026-09-04;BANNER-3;Шнур баннерный 3мм;Продажа;-570;Отгрузка клиенту
2026-09-04;BANNER-3;Шнур баннерный 3мм;Приход;593;Производство (плетение)
2026-09-04;BAG-5;Шнур для пакетов 5мм;Приход;596;Производство (плетение)
2026-09-04;BAG-4;Шнур для пакетов 4мм;Продажа;-654;Отгрузка клиенту
2026-09-04;BAG-4;Шнур для пакетов 4мм;Приход;721;Производство (плетение)
2026-09-04;CARGO-24;Канат грузовой 24мм;Продажа;-63;Отгрузка клиенту
2026-09-04;CARGO-24;Канат грузовой 24мм;Приход;55;Производство (плетение)
2026-09-04;CARGO-20;Канат грузовой 20мм;Приход;96;Производство (плетение)
2026-09-04;CARGO-16;Канат грузовой 16мм;Продажа;-166;Отгрузка клиенту
2026-09-04;CARGO-16;Канат грузовой 16мм;Приход;174;Производство (плетение)
2026-09-04;FENCE-10;Канат ограждающий 10мм;Продажа;-143;Отгрузка клиенту
2026-09-04;FENCE-10;Канат ограждающий 10мм;Приход;210;Производство (плетение)
2026-09-04;FENCE-8;Канат ограждающий 8мм;Продажа;-133;Отгрузка клиенту
2026-09-04;FENCE-8;Канат ограждающий 8мм;Приход;296;Производство (плетение)
2026-09-04;FENCE-6;Канат ограждающий 6мм;Приход;306;Производство (плетение)
2026-09-04;CABLE-8;Трос-лидер 8мм;Продажа;-95;Отгрузка клиенту
2026-09-04;CABLE-8;Трос-лидер 8мм;Приход;125;Производство (плетение)
2026-09-04;CABLE-6;Канат для протяжки кабеля 6мм;Приход;186;Производство (плетение)
2026-09-04;CABLE-4;Канат для протяжки кабеля 4мм;Приход;235;Производство (плетение)
2026-09-04;LEER-8;Леер для лодок 8мм;Продажа;-115;Отгрузка клиенту
2026-09-04;LEER-8;Леер для лодок 8мм;Приход;102;Производство (плетение)
2026-09-04;LEER-6;Леер для лодок 6мм;Приход;154;Производство (плетение)
2026-09-04;LEER-5;Леер для лодок 5мм;Продажа;-207;Отгрузка клиенту
2026-09-04;LEER-5;Леер для лодок 5мм;Приход;216;Производство (плетение)
2026-09-04;YAHT-12;Канат яхтенный 12мм;Приход;96;Производство (плетение)
2026-09-04;YAHT-10;Канат яхтенный (фалы) 10мм;Продажа;-123;Отгрузка клиенту
2026-09-04;YAHT-10;Канат яхтенный (фалы) 10мм;Приход;140;Производство (плетение)
2026-09-04;YAHT-8;Канат яхтенный 8мм;Приход;219;Производство (плетение)
2026-09-04;YAHT-6;Канат яхтенный (шкоты) 6мм;Продажа;-149;Отгрузка клиенту
2026-09-04;YAHT-6;Канат яхтенный (шкоты) 6мм;Приход;249;Производство (плетение)
2026-09-04;FISH-3;Шнур рыболовный 3мм;Продажа;-348;Отгрузка клиенту
2026-09-04;FISH-3;Шнур рыболовный 3мм;Приход;325;Производство (плетение)
2026-09-04;FISH-25;Шнур рыболовный 2.5мм;Продажа;-277;Отгрузка клиенту
2026-09-04;FISH-25;Шнур рыболовный 2.5мм;Приход;465;Производство (плетение)
2026-09-04;FISH-18;Шнур рыболовный (throwline) 1.8мм;Продажа;-477;Отгрузка клиенту
2026-09-04;FISH-18;Шнур рыболовный (throwline) 1.8мм;Приход;714;Производство (плетение)
2026-09-04;GLS-10;Шнур стеклянный 10мм;Продажа;-69;Отгрузка клиенту
2026-09-04;GLS-10;Шнур стеклянный 10мм;Приход;61;Производство (плетение)
2026-09-04;GLS-8;Шнур стеклянный 8мм;Продажа;-49;Отгрузка клиенту
2026-09-04;GLS-8;Шнур стеклянный 8мм;Приход;74;Производство (плетение)
2026-09-04;GLS-6;Шнур стеклянный 6мм;Продажа;-114;Отгрузка клиенту
2026-09-04;GLS-6;Шнур стеклянный 6мм;Приход;98;Производство (плетение)
2026-09-04;GLS-4;Шнур стеклянный 4мм;Приход;108;Производство (плетение)
2026-09-04;BAS-12;Шнур базальтовый 12мм;Продажа;-53;Отгрузка клиенту
2026-09-04;BAS-12;Шнур базальтовый 12мм;Приход;82;Производство (плетение)
2026-09-04;BAS-10;Шнур базальтовый 10мм (сердечник);Приход;94;Производство (плетение)
2026-09-04;BAS-8;Шнур базальтовый 8мм (сердечник);Продажа;-79;Отгрузка клиенту
2026-09-04;BAS-8;Шнур базальтовый 8мм (сердечник);Приход;130;Производство (плетение)
2026-09-04;BAS-6;Шнур базальтовый 6мм (до 500°C);Продажа;-72;Отгрузка клиенту
2026-09-04;BAS-6;Шнур базальтовый 6мм (до 500°C);Приход;153;Производство (плетение)
2026-09-04;SIL-18;Шнур кремнеземный 18мм;Продажа;-34;Отгрузка клиенту
2026-09-04;SIL-18;Шнур кремнеземный 18мм;Приход;34;Производство (плетение)
2026-09-04;SIL-16;Шнур кремнеземный 16мм;Продажа;-45;Отгрузка клиенту
2026-09-04;SIL-16;Шнур кремнеземный 16мм;Приход;52;Производство (плетение)
2026-09-04;SIL-14;Шнур кремнеземный 14мм;Продажа;-59;Отгрузка клиенту
2026-09-04;SIL-14;Шнур кремнеземный 14мм;Приход;67;Производство (плетение)
2026-09-04;SIL-12;Шнур кремнеземный 12мм;Приход;87;Производство (плетение)
2026-09-04;SIL-10;Шнур кремнеземный 10мм;Продажа;-63;Отгрузка клиенту
2026-09-04;SIL-10;Шнур кремнеземный 10мм;Приход;120;Производство (плетение)
2026-09-04;SIL-8;Шнур кремнеземный 8мм;Продажа;-109;Отгрузка клиенту
2026-09-04;SIL-8;Шнур кремнеземный 8мм;Приход;113;Производство (плетение)
2026-09-04;SIL-6;Шнур кремнеземный 6мм;Приход;127;Производство (плетение)
2026-09-04;SIL-4;Шнур кремнеземный 4мм;Продажа;-101;Отгрузка клиенту
2026-09-04;SIL-4;Шнур кремнеземный 4мм;Приход;161;Производство (плетение)
2026-09-04;PE-10;Канат полиэтиленовый 10мм;Продажа;-132;Отгрузка клиенту
2026-09-04;PE-10;Канат полиэтиленовый 10мм;Приход;171;Производство (плетение)
2026-09-04;PE-8;Канат полиэтиленовый 8мм;Продажа;-241;Отгрузка клиенту
2026-09-04;PE-8;Канат полиэтиленовый 8мм;Приход;271;Производство (плетение)
2026-09-04;PE-6;Канат полиэтиленовый 6мм;Продажа;-299;Отгрузка клиенту
2026-09-04;PE-6;Канат полиэтиленовый 6мм;Приход;348;Производство (плетение)
2026-09-04;PP-40;Канат ПП 40мм (48-прядный);Продажа;-23;Отгрузка клиенту
2026-09-04;PP-40;Канат ПП 40мм (48-прядный);Приход;24;Производство (плетение)
2026-09-04;PP-32;Канат ПП 32мм (48-прядный);Продажа;-33;Отгрузка клиенту
2026-09-04;PP-32;Канат ПП 32мм (48-прядный);Приход;48;Производство (плетение)
2026-09-04;PP-24;Канат ПП 24мм (48-прядный);Приход;83;Производство (плетение)
2026-09-04;PP-20;Канат ПП 20мм (32-прядный);Продажа;-132;Отгрузка клиенту
2026-09-04;PP-20;Канат ПП 20мм (32-прядный);Приход;113;Производство (плетение)
2026-09-04;PP-16;Канат ПП 16мм (24-прядный);Продажа;-116;Отгрузка клиенту
2026-09-04;PP-16;Канат ПП 16мм (24-прядный);Приход;198;Производство (плетение)
2026-09-04;PP-12;Канат ПП 12мм (16-прядный);Приход;266;Производство (плетение)
2026-09-04;PP-10;Канат ПП 10мм (12-прядный);Продажа;-389;Отгрузка клиенту
2026-09-04;PP-10;Канат ПП 10мм (12-прядный);Приход;389;Производство (плетение)
2026-09-04;PP-8;Канат ПП 8мм (8-прядный);Продажа;-340;Отгрузка клиенту
2026-09-04;PP-8;Канат ПП 8мм (8-прядный);Приход;363;Производство (плетение)
2026-09-04;PA-16;Канат полиамидный 16мм;Продажа;-102;Отгрузка клиенту
2026-09-04;PA-16;Канат полиамидный 16мм;Приход;132;Производство (плетение)
2026-09-04;PA-14;Канат полиамидный 14мм;Приход;158;Производство (плетение)
2026-09-04;PA-12;Канат полиамидный 12мм;Продажа;-177;Отгрузка клиенту
2026-09-04;PA-12;Канат полиамидный 12мм;Приход;246;Производство (плетение)
2026-09-04;PA-10;Канат полиамидный 10мм;Приход;327;Производство (плетение)
2026-09-04;PA-8;Канат полиамидный 8мм;Продажа;-261;Отгрузка клиенту
2026-09-04;PA-8;Канат полиамидный 8мм;Приход;403;Производство (плетение)
2026-09-04;PA-6;Канат полиамидный 6мм;Продажа;-299;Отгрузка клиенту
2026-09-04;PA-6;Канат полиамидный 6мм;Приход;522;Производство (плетение)
2026-09-04;PA-4;Канат полиамидный 4мм;Продажа;-364;Отгрузка клиенту
2026-09-04;PA-4;Канат полиамидный 4мм;Приход;563;Производство (плетение)
2026-09-04;LS-16;Канат низкорастяжимый 16мм;Продажа;-61;Отгрузка клиенту
2026-09-04;LS-16;Канат низкорастяжимый 16мм;Приход;81;Производство (плетение)
2026-09-04;LS-14;Канат низкорастяжимый 14мм;Продажа;-87;Отгрузка клиенту
2026-09-04;LS-14;Канат низкорастяжимый 14мм;Приход;105;Производство (плетение)
2026-09-04;LS-12;Канат низкорастяжимый 12мм;Продажа;-143;Отгрузка клиенту
2026-09-04;LS-12;Канат низкорастяжимый 12мм;Приход;121;Производство (плетение)
2026-09-04;LS-10;Канат низкорастяжимый 10мм;Продажа;-149;Отгрузка клиенту
2026-09-04;LS-10;Канат низкорастяжимый 10мм;Приход;143;Производство (плетение)
2026-09-04;HMPE-12;Канат HMPE 12мм;Продажа;-33;Отгрузка клиенту
2026-09-04;HMPE-12;Канат HMPE 12мм;Приход;55;Производство (плетение)
2026-09-04;HMPE-10;Канат HMPE 10мм;Продажа;-61;Отгрузка клиенту
2026-09-04;HMPE-10;Канат HMPE 10мм;Приход;83;Производство (плетение)
2026-09-04;HMPE-8;Канат HMPE 8мм;Продажа;-70;Отгрузка клиенту
2026-09-04;HMPE-8;Канат HMPE 8мм;Приход;125;Производство (плетение)
2026-09-04;HMPE-6;Канат HMPE 6мм;Приход;227;Производство (плетение)
2026-09-04;HMPE-4;Канат HMPE 4мм;Продажа;-306;Отгрузка клиенту
2026-09-04;HMPE-4;Канат HMPE 4мм;Приход;346;Производство (плетение)
2026-09-04;HMPE-3;Канат HMPE 3мм;Продажа;-389;Отгрузка клиенту
2026-09-04;HMPE-3;Канат HMPE 3мм;Приход;384;Производство (плетение)
2026-09-04;HMPE-2;Канат HMPE 2мм;Продажа;-473;Отгрузка клиенту
2026-09-04;HMPE-2;Канат HMPE 2мм;Приход;373;Производство (плетение)
2026-09-04;ARAM-6;Шнур арамидный 6мм;Приход;164;Производство (плетение)
2026-09-04;ARAM-4;Шнур арамидный 4мм;Приход;209;Производство (плетение)
2026-09-04;REP-8;Репшнур 8мм (ПА);Продажа;-113;Отгрузка клиенту
2026-09-04;REP-8;Репшнур 8мм (ПА);Приход;221;Производство (плетение)
2026-09-04;REP-7;Репшнур 7мм (арамид);Продажа;-142;Отгрузка клиенту
2026-09-04;REP-7;Репшнур 7мм (арамид);Приход;140;Производство (плетение)
2026-09-04;REP-6;Репшнур 6мм (ПА);Приход;384;Производство (плетение)
2026-09-04;REP-4;Репшнур 4мм (ПА);Продажа;-243;Отгрузка клиенту
2026-09-04;REP-4;Репшнур 4мм (ПА);Приход;355;Производство (плетение)
2026-09-04;DYN-105;Верёвка динамическая 10.5мм;Продажа;-60;Отгрузка клиенту
2026-09-04;DYN-105;Верёвка динамическая 10.5мм;Приход;57;Производство (плетение)
2026-09-04;DYN-98;Верёвка динамическая 9.8мм;Продажа;-66;Отгрузка клиенту
2026-09-04;DYN-98;Верёвка динамическая 9.8мм;Приход;65;Производство (плетение)
2026-09-04;STAT-12;Верёвка статическая 12мм;Продажа;-45;Отгрузка клиенту
2026-09-04;STAT-12;Верёвка статическая 12мм;Приход;87;Производство (плетение)
2026-09-04;STAT-11;Верёвка статическая 11мм;Продажа;-127;Отгрузка клиенту
2026-09-04;STAT-11;Верёвка статическая 11мм;Приход;141;Производство (плетение)
2026-09-04;STAT-105;Верёвка статическая 10.5мм;Продажа;-88;Отгрузка клиенту
2026-09-04;STAT-105;Верёвка статическая 10.5мм;Приход;149;Производство (плетение)
2026-09-04;STAT-10;Верёвка статическая 10мм;Продажа;-123;Отгрузка клиенту
2026-09-04;STAT-10;Верёвка статическая 10мм;Приход;236;Производство (плетение)
2026-09-04;STAT-9;Верёвка статическая 9мм (ПЭС оплётка);Продажа;-129;Отгрузка клиенту
2026-09-04;STAT-9;Верёвка статическая 9мм (ПЭС оплётка);Приход;128;Производство (плетение)
2026-09-04;TAPE-PK;Скотч упаковочный;Расход;-21.5;Расход в производство
2026-09-04;PKG-BOX;Коробки картонные;Расход;-32.2;Расход в производство
2026-09-04;PKG-STR;Стрейч-плёнка;Расход;-12.5;Расход в производство
2026-09-04;SPOOL-L;Катушки большие (упаков. верёвки);Расход;-17;Расход в производство
2026-09-04;GLS-R;Ровинг стеклянный;Расход;-27.8;Расход в производство
2026-09-04;BAS-R;Ровинг базальтовый;Расход;-21.9;Расход в производство
2026-09-04;SIL-F;Волокно кремнеземное;Расход;-22;Расход в производство
2026-09-04;ARAM-F;Нить арамидная (Русар);Расход;-11.8;Расход в производство
2026-09-04;HMPE-F;Волокно HMPE (Dyneema SK78);Расход;-16.1;Расход в производство
2026-09-03;PACK-10;Верёвка упакованная 10мм (бухты);Продажа;-464;Отгрузка клиенту
2026-09-03;PACK-10;Верёвка упакованная 10мм (бухты);Приход;381;Производство (плетение)
2026-09-03;HORSE-10;Шнур конный спорт 10мм;Продажа;-140;Отгрузка клиенту
2026-09-03;HORSE-10;Шнур конный спорт 10мм;Приход;129;Производство (плетение)
2026-09-03;HORSE-8;Шнур конный спорт 8мм;Продажа;-106;Отгрузка клиенту
2026-09-03;HORSE-8;Шнур конный спорт 8мм;Приход;145;Производство (плетение)
2026-09-03;BANNER-4;Шнур баннерный 4мм;Продажа;-286;Отгрузка клиенту
2026-09-03;BANNER-4;Шнур баннерный 4мм;Приход;427;Производство (плетение)
2026-09-03;BANNER-3;Шнур баннерный 3мм;Продажа;-351;Отгрузка клиенту
2026-09-03;BANNER-3;Шнур баннерный 3мм;Приход;468;Производство (плетение)
2026-09-03;BAG-5;Шнур для пакетов 5мм;Приход;580;Производство (плетение)
2026-09-03;BAG-4;Шнур для пакетов 4мм;Продажа;-571;Отгрузка клиенту
2026-09-03;BAG-4;Шнур для пакетов 4мм;Приход;837;Производство (плетение)
2026-09-03;CARGO-24;Канат грузовой 24мм;Продажа;-56;Отгрузка клиенту
2026-09-03;CARGO-24;Канат грузовой 24мм;Приход;62;Производство (плетение)
2026-09-03;CARGO-20;Канат грузовой 20мм;Продажа;-86;Отгрузка клиенту
2026-09-03;CARGO-20;Канат грузовой 20мм;Приход;118;Производство (плетение)
2026-09-03;CARGO-16;Канат грузовой 16мм;Приход;168;Производство (плетение)
2026-09-03;FENCE-10;Канат ограждающий 10мм;Продажа;-118;Отгрузка клиенту
2026-09-03;FENCE-10;Канат ограждающий 10мм;Приход;173;Производство (плетение)
2026-09-03;FENCE-8;Канат ограждающий 8мм;Приход;273;Производство (плетение)
2026-09-03;FENCE-6;Канат ограждающий 6мм;Продажа;-207;Отгрузка клиенту
2026-09-03;FENCE-6;Канат ограждающий 6мм;Приход;346;Производство (плетение)
2026-09-03;CABLE-8;Трос-лидер 8мм;Продажа;-112;Отгрузка клиенту
2026-09-03;CABLE-8;Трос-лидер 8мм;Приход;136;Производство (плетение)
2026-09-03;CABLE-6;Канат для протяжки кабеля 6мм;Продажа;-171;Отгрузка клиенту
2026-09-03;CABLE-6;Канат для протяжки кабеля 6мм;Приход;177;Производство (плетение)
2026-09-03;CABLE-4;Канат для протяжки кабеля 4мм;Продажа;-252;Отгрузка клиенту
2026-09-03;CABLE-4;Канат для протяжки кабеля 4мм;Приход;275;Производство (плетение)
2026-09-03;LEER-8;Леер для лодок 8мм;Приход;102;Производство (плетение)
2026-09-03;LEER-6;Леер для лодок 6мм;Приход;167;Производство (плетение)
2026-09-03;LEER-5;Леер для лодок 5мм;Продажа;-118;Отгрузка клиенту
2026-09-03;LEER-5;Леер для лодок 5мм;Приход;228;Производство (плетение)
2026-09-03;YAHT-12;Канат яхтенный 12мм;Продажа;-114;Отгрузка клиенту
2026-09-03;YAHT-12;Канат яхтенный 12мм;Приход;109;Производство (плетение)
2026-09-03;YAHT-10;Канат яхтенный (фалы) 10мм;Приход;147;Производство (плетение)
2026-09-03;YAHT-8;Канат яхтенный 8мм;Продажа;-239;Отгрузка клиенту
2026-09-03;YAHT-8;Канат яхтенный 8мм;Приход;225;Производство (плетение)
2026-09-03;YAHT-6;Канат яхтенный (шкоты) 6мм;Приход;234;Производство (плетение)
2026-09-03;FISH-3;Шнур рыболовный 3мм;Продажа;-325;Отгрузка клиенту
2026-09-03;FISH-3;Шнур рыболовный 3мм;Приход;342;Производство (плетение)
2026-09-03;FISH-25;Шнур рыболовный 2.5мм;Продажа;-294;Отгрузка клиенту
2026-09-03;FISH-25;Шнур рыболовный 2.5мм;Приход;469;Производство (плетение)
2026-09-03;FISH-18;Шнур рыболовный (throwline) 1.8мм;Продажа;-657;Отгрузка клиенту
2026-09-03;FISH-18;Шнур рыболовный (throwline) 1.8мм;Приход;630;Производство (плетение)
2026-09-03;GLS-10;Шнур стеклянный 10мм;Продажа;-67;Отгрузка клиенту
2026-09-03;GLS-10;Шнур стеклянный 10мм;Приход;64;Производство (плетение)
2026-09-03;GLS-8;Шнур стеклянный 8мм;Продажа;-65;Отгрузка клиенту
2026-09-03;GLS-8;Шнур стеклянный 8мм;Приход;82;Производство (плетение)
2026-09-03;GLS-6;Шнур стеклянный 6мм;Продажа;-78;Отгрузка клиенту
2026-09-03;GLS-6;Шнур стеклянный 6мм;Приход;95;Производство (плетение)
2026-09-03;GLS-4;Шнур стеклянный 4мм;Продажа;-87;Отгрузка клиенту
2026-09-03;GLS-4;Шнур стеклянный 4мм;Приход;119;Производство (плетение)
2026-09-03;BAS-12;Шнур базальтовый 12мм;Продажа;-65;Отгрузка клиенту
2026-09-03;BAS-12;Шнур базальтовый 12мм;Приход;76;Производство (плетение)
2026-09-03;BAS-10;Шнур базальтовый 10мм (сердечник);Продажа;-93;Отгрузка клиенту
2026-09-03;BAS-10;Шнур базальтовый 10мм (сердечник);Приход;91;Производство (плетение)
2026-09-03;BAS-8;Шнур базальтовый 8мм (сердечник);Приход;108;Производство (плетение)
2026-09-03;BAS-6;Шнур базальтовый 6мм (до 500°C);Приход;127;Производство (плетение)
2026-09-03;SIL-18;Шнур кремнеземный 18мм;Продажа;-30;Отгрузка клиенту
2026-09-03;SIL-18;Шнур кремнеземный 18мм;Приход;34;Производство (плетение)
2026-09-03;SIL-16;Шнур кремнеземный 16мм;Приход;44;Производство (плетение)
2026-09-03;SIL-14;Шнур кремнеземный 14мм;Продажа;-57;Отгрузка клиенту
2026-09-03;SIL-14;Шнур кремнеземный 14мм;Приход;67;Производство (плетение)
2026-09-03;SIL-12;Шнур кремнеземный 12мм;Продажа;-46;Отгрузка клиенту
2026-09-03;SIL-12;Шнур кремнеземный 12мм;Приход;81;Производство (плетение)
2026-09-03;SIL-10;Шнур кремнеземный 10мм;Продажа;-66;Отгрузка клиенту
2026-09-03;SIL-10;Шнур кремнеземный 10мм;Приход;99;Производство (плетение)
2026-09-03;SIL-8;Шнур кремнеземный 8мм;Приход;114;Производство (плетение)
2026-09-03;SIL-6;Шнур кремнеземный 6мм;Продажа;-149;Отгрузка клиенту
2026-09-03;SIL-6;Шнур кремнеземный 6мм;Приход;127;Производство (плетение)
2026-09-03;SIL-4;Шнур кремнеземный 4мм;Приход;136;Производство (плетение)
2026-09-03;PE-10;Канат полиэтиленовый 10мм;Продажа;-155;Отгрузка клиенту
2026-09-03;PE-10;Канат полиэтиленовый 10мм;Приход;185;Производство (плетение)
2026-09-03;PE-8;Канат полиэтиленовый 8мм;Приход;272;Производство (плетение)
2026-09-03;PE-6;Канат полиэтиленовый 6мм;Продажа;-311;Отгрузка клиенту
2026-09-03;PE-6;Канат полиэтиленовый 6мм;Приход;278;Производство (плетение)
2026-09-03;PP-40;Канат ПП 40мм (48-прядный);Продажа;-12;Отгрузка клиенту
2026-09-03;PP-40;Канат ПП 40мм (48-прядный);Приход;21;Производство (плетение)
2026-09-03;PP-32;Канат ПП 32мм (48-прядный);Продажа;-23;Отгрузка клиенту
2026-09-03;PP-32;Канат ПП 32мм (48-прядный);Приход;42;Производство (плетение)
2026-09-03;PP-24;Канат ПП 24мм (48-прядный);Продажа;-81;Отгрузка клиенту
2026-09-03;PP-24;Канат ПП 24мм (48-прядный);Приход;88;Производство (плетение)
2026-09-03;PP-20;Канат ПП 20мм (32-прядный);Продажа;-108;Отгрузка клиенту
2026-09-03;PP-20;Канат ПП 20мм (32-прядный);Приход;123;Производство (плетение)
2026-09-03;PP-16;Канат ПП 16мм (24-прядный);Приход;230;Производство (плетение)
2026-09-03;PP-12;Канат ПП 12мм (16-прядный);Продажа;-162;Отгрузка клиенту
2026-09-03;PP-12;Канат ПП 12мм (16-прядный);Приход;302;Производство (плетение)
2026-09-03;PP-10;Канат ПП 10мм (12-прядный);Приход;376;Производство (плетение)
2026-09-03;PP-8;Канат ПП 8мм (8-прядный);Приход;401;Производство (плетение)
2026-09-03;PA-16;Канат полиамидный 16мм;Приход;136;Производство (плетение)
2026-09-03;PA-14;Канат полиамидный 14мм;Приход;177;Производство (плетение)
2026-09-03;PA-12;Канат полиамидный 12мм;Продажа;-205;Отгрузка клиенту
2026-09-03;PA-12;Канат полиамидный 12мм;Приход;226;Производство (плетение)
2026-09-03;PA-10;Канат полиамидный 10мм;Приход;296;Производство (плетение)
2026-09-03;PA-8;Канат полиамидный 8мм;Продажа;-254;Отгрузка клиенту
2026-09-03;PA-8;Канат полиамидный 8мм;Приход;346;Производство (плетение)
2026-09-03;PA-6;Канат полиамидный 6мм;Продажа;-272;Отгрузка клиенту
2026-09-03;PA-6;Канат полиамидный 6мм;Приход;504;Производство (плетение)
2026-09-03;PA-4;Канат полиамидный 4мм;Продажа;-521;Отгрузка клиенту
2026-09-03;PA-4;Канат полиамидный 4мм;Приход;514;Производство (плетение)
2026-09-03;LS-16;Канат низкорастяжимый 16мм;Продажа;-35;Отгрузка клиенту
2026-09-03;LS-16;Канат низкорастяжимый 16мм;Приход;76;Производство (плетение)
2026-09-03;LS-14;Канат низкорастяжимый 14мм;Продажа;-85;Отгрузка клиенту
2026-09-03;LS-14;Канат низкорастяжимый 14мм;Приход;89;Производство (плетение)
2026-09-03;LS-12;Канат низкорастяжимый 12мм;Продажа;-86;Отгрузка клиенту
2026-09-03;LS-12;Канат низкорастяжимый 12мм;Приход;120;Производство (плетение)
2026-09-03;LS-10;Канат низкорастяжимый 10мм;Продажа;-93;Отгрузка клиенту
2026-09-03;LS-10;Канат низкорастяжимый 10мм;Приход;149;Производство (плетение)
2026-09-03;HMPE-12;Канат HMPE 12мм;Продажа;-31;Отгрузка клиенту
2026-09-03;HMPE-12;Канат HMPE 12мм;Приход;51;Производство (плетение)
2026-09-03;HMPE-10;Канат HMPE 10мм;Продажа;-62;Отгрузка клиенту
2026-09-03;HMPE-10;Канат HMPE 10мм;Приход;79;Производство (плетение)
2026-09-03;HMPE-8;Канат HMPE 8мм;Продажа;-85;Отгрузка клиенту
2026-09-03;HMPE-8;Канат HMPE 8мм;Приход;118;Производство (плетение)
2026-09-03;HMPE-6;Канат HMPE 6мм;Приход;234;Производство (плетение)
2026-09-03;HMPE-4;Канат HMPE 4мм;Приход;353;Производство (плетение)
2026-09-03;HMPE-3;Канат HMPE 3мм;Продажа;-391;Отгрузка клиенту
2026-09-03;HMPE-3;Канат HMPE 3мм;Приход;369;Производство (плетение)
2026-09-03;HMPE-2;Канат HMPE 2мм;Продажа;-402;Отгрузка клиенту
2026-09-03;HMPE-2;Канат HMPE 2мм;Приход;400;Производство (плетение)
2026-09-03;ARAM-6;Шнур арамидный 6мм;Продажа;-106;Отгрузка клиенту
2026-09-03;ARAM-6;Шнур арамидный 6мм;Приход;136;Производство (плетение)
2026-09-03;ARAM-4;Шнур арамидный 4мм;Приход;215;Производство (плетение)
2026-09-03;REP-8;Репшнур 8мм (ПА);Приход;210;Производство (плетение)
2026-09-03;REP-7;Репшнур 7мм (арамид);Приход;152;Производство (плетение)
2026-09-03;REP-6;Репшнур 6мм (ПА);Приход;368;Производство (плетение)
2026-09-03;REP-4;Репшнур 4мм (ПА);Приход;329;Производство (плетение)
2026-09-03;DYN-105;Верёвка динамическая 10.5мм;Продажа;-42;Отгрузка клиенту
2026-09-03;DYN-105;Верёвка динамическая 10.5мм;Приход;48;Производство (плетение)
2026-09-03;DYN-98;Верёвка динамическая 9.8мм;Приход;55;Производство (плетение)
2026-09-03;STAT-12;Верёвка статическая 12мм;Продажа;-92;Отгрузка клиенту
2026-09-03;STAT-12;Верёвка статическая 12мм;Приход;80;Производство (плетение)
2026-09-03;STAT-11;Верёвка статическая 11мм;Продажа;-87;Отгрузка клиенту
2026-09-03;STAT-11;Верёвка статическая 11мм;Приход;134;Производство (плетение)
2026-09-03;STAT-105;Верёвка статическая 10.5мм;Продажа;-152;Отгрузка клиенту
2026-09-03;STAT-105;Верёвка статическая 10.5мм;Приход;169;Производство (плетение)
2026-09-03;STAT-10;Верёвка статическая 10мм;Приход;218;Производство (плетение)
2026-09-03;STAT-9;Верёвка статическая 9мм (ПЭС оплётка);Продажа;-106;Отгрузка клиенту
2026-09-03;STAT-9;Верёвка статическая 9мм (ПЭС оплётка);Приход;135;Производство (плетение)
2026-09-03;TAPE-PK;Скотч упаковочный;Расход;-29.8;Расход в производство
2026-09-03;PKG-BOX;Коробки картонные;Расход;-47.8;Расход в производство
2026-09-03;PKG-STR;Стрейч-плёнка;Расход;-15.7;Расход в производство
2026-09-03;SPOOL-L;Катушки большие (упаков. верёвки);Расход;-18;Расход в производство
2026-09-03;GLS-R;Ровинг стеклянный;Расход;-24.6;Расход в производство
2026-09-03;BAS-R;Ровинг базальтовый;Расход;-23.3;Расход в производство
2026-09-03;SIL-F;Волокно кремнеземное;Расход;-17.9;Расход в производство
2026-09-03;ARAM-F;Нить арамидная (Русар);Расход;-11.2;Расход в производство
2026-09-03;HMPE-F;Волокно HMPE (Dyneema SK78);Расход;-16.2;Расход в производство
2026-09-02;PACK-10;Верёвка упакованная 10мм (бухты);Продажа;-230;Отгрузка клиенту
2026-09-02;PACK-10;Верёвка упакованная 10мм (бухты);Приход;410;Производство (плетение)
2026-09-02;HORSE-10;Шнур конный спорт 10мм;Приход;143;Производство (плетение)
2026-09-02;HORSE-8;Шнур конный спорт 8мм;Приход;176;Производство (плетение)
2026-09-02;BANNER-4;Шнур баннерный 4мм;Приход;429;Производство (плетение)
2026-09-02;BANNER-3;Шнур баннерный 3мм;Продажа;-386;Отгрузка клиенту
2026-09-02;BANNER-3;Шнур баннерный 3мм;Приход;541;Производство (плетение)
2026-09-02;BAG-5;Шнур для пакетов 5мм;Приход;632;Производство (плетение)
2026-09-02;BAG-4;Шнур для пакетов 4мм;Продажа;-535;Отгрузка клиенту
2026-09-02;BAG-4;Шнур для пакетов 4мм;Приход;783;Производство (плетение)
2026-09-02;CARGO-24;Канат грузовой 24мм;Продажа;-58;Отгрузка клиенту
2026-09-02;CARGO-24;Канат грузовой 24мм;Приход;59;Производство (плетение)
2026-09-02;CARGO-20;Канат грузовой 20мм;Приход;102;Производство (плетение)
2026-09-02;CARGO-16;Канат грузовой 16мм;Продажа;-107;Отгрузка клиенту
2026-09-02;CARGO-16;Канат грузовой 16мм;Приход;146;Производство (плетение)
2026-09-02;FENCE-10;Канат ограждающий 10мм;Продажа;-92;Отгрузка клиенту
2026-09-02;FENCE-10;Канат ограждающий 10мм;Приход;180;Производство (плетение)
2026-09-02;FENCE-8;Канат ограждающий 8мм;Продажа;-226;Отгрузка клиенту
2026-09-02;FENCE-8;Канат ограждающий 8мм;Приход;292;Производство (плетение)
2026-09-02;FENCE-6;Канат ограждающий 6мм;Приход;337;Производство (плетение)
2026-09-02;CABLE-8;Трос-лидер 8мм;Приход;116;Производство (плетение)
2026-09-02;CABLE-6;Канат для протяжки кабеля 6мм;Приход;182;Производство (плетение)
2026-09-02;CABLE-4;Канат для протяжки кабеля 4мм;Продажа;-216;Отгрузка клиенту
2026-09-02;CABLE-4;Канат для протяжки кабеля 4мм;Приход;291;Производство (плетение)
2026-09-02;LEER-8;Леер для лодок 8мм;Продажа;-113;Отгрузка клиенту
2026-09-02;LEER-8;Леер для лодок 8мм;Приход;107;Производство (плетение)
2026-09-02;LEER-6;Леер для лодок 6мм;Продажа;-104;Отгрузка клиенту
2026-09-02;LEER-6;Леер для лодок 6мм;Приход;166;Производство (плетение)
2026-09-02;LEER-5;Леер для лодок 5мм;Продажа;-194;Отгрузка клиенту
2026-09-02;LEER-5;Леер для лодок 5мм;Приход;211;Производство (плетение)
2026-09-02;YAHT-12;Канат яхтенный 12мм;Продажа;-84;Отгрузка клиенту
2026-09-02;YAHT-12;Канат яхтенный 12мм;Приход;96;Производство (плетение)
2026-09-02;YAHT-10;Канат яхтенный (фалы) 10мм;Приход;172;Производство (плетение)
2026-09-02;YAHT-8;Канат яхтенный 8мм;Продажа;-124;Отгрузка клиенту
2026-09-02;YAHT-8;Канат яхтенный 8мм;Приход;187;Производство (плетение)
2026-09-02;YAHT-6;Канат яхтенный (шкоты) 6мм;Продажа;-125;Отгрузка клиенту
2026-09-02;YAHT-6;Канат яхтенный (шкоты) 6мм;Приход;277;Производство (плетение)
2026-09-02;FISH-3;Шнур рыболовный 3мм;Продажа;-201;Отгрузка клиенту
2026-09-02;FISH-3;Шнур рыболовный 3мм;Приход;277;Производство (плетение)
2026-09-02;FISH-25;Шнур рыболовный 2.5мм;Продажа;-429;Отгрузка клиенту
2026-09-02;FISH-25;Шнур рыболовный 2.5мм;Приход;404;Производство (плетение)
2026-09-02;FISH-18;Шнур рыболовный (throwline) 1.8мм;Продажа;-305;Отгрузка клиенту
2026-09-02;FISH-18;Шнур рыболовный (throwline) 1.8мм;Приход;620;Производство (плетение)
2026-09-02;GLS-10;Шнур стеклянный 10мм;Продажа;-41;Отгрузка клиенту
2026-09-02;GLS-10;Шнур стеклянный 10мм;Приход;72;Производство (плетение)
2026-09-02;GLS-8;Шнур стеклянный 8мм;Приход;95;Производство (плетение)
2026-09-02;GLS-6;Шнур стеклянный 6мм;Продажа;-106;Отгрузка клиенту
2026-09-02;GLS-6;Шнур стеклянный 6мм;Приход;112;Производство (плетение)
2026-09-02;GLS-4;Шнур стеклянный 4мм;Продажа;-121;Отгрузка клиенту
2026-09-02;GLS-4;Шнур стеклянный 4мм;Приход;124;Производство (плетение)
2026-09-02;BAS-12;Шнур базальтовый 12мм;Продажа;-74;Отгрузка клиенту
2026-09-02;BAS-12;Шнур базальтовый 12мм;Приход;81;Производство (плетение)
2026-09-02;BAS-10;Шнур базальтовый 10мм (сердечник);Продажа;-67;Отгрузка клиенту
2026-09-02;BAS-10;Шнур базальтовый 10мм (сердечник);Приход;93;Производство (плетение)
2026-09-02;BAS-8;Шнур базальтовый 8мм (сердечник);Продажа;-114;Отгрузка клиенту
2026-09-02;BAS-8;Шнур базальтовый 8мм (сердечник);Приход;130;Производство (плетение)
2026-09-02;BAS-6;Шнур базальтовый 6мм (до 500°C);Приход;125;Производство (плетение)
2026-09-02;SIL-18;Шнур кремнеземный 18мм;Продажа;-26;Отгрузка клиенту
2026-09-02;SIL-18;Шнур кремнеземный 18мм;Приход;30;Производство (плетение)
2026-09-02;SIL-16;Шнур кремнеземный 16мм;Продажа;-48;Отгрузка клиенту
2026-09-02;SIL-16;Шнур кремнеземный 16мм;Приход;43;Производство (плетение)
2026-09-02;SIL-14;Шнур кремнеземный 14мм;Продажа;-43;Отгрузка клиенту
2026-09-02;SIL-14;Шнур кремнеземный 14мм;Приход;68;Производство (плетение)
2026-09-02;SIL-12;Шнур кремнеземный 12мм;Продажа;-45;Отгрузка клиенту
2026-09-02;SIL-12;Шнур кремнеземный 12мм;Приход;87;Производство (плетение)
2026-09-02;SIL-10;Шнур кремнеземный 10мм;Продажа;-67;Отгрузка клиенту
2026-09-02;SIL-10;Шнур кремнеземный 10мм;Приход;112;Производство (плетение)
2026-09-02;SIL-8;Шнур кремнеземный 8мм;Продажа;-81;Отгрузка клиенту
2026-09-02;SIL-8;Шнур кремнеземный 8мм;Приход;114;Производство (плетение)
2026-09-02;SIL-6;Шнур кремнеземный 6мм;Приход;135;Производство (плетение)
2026-09-02;SIL-4;Шнур кремнеземный 4мм;Продажа;-144;Отгрузка клиенту
2026-09-02;SIL-4;Шнур кремнеземный 4мм;Приход;153;Производство (плетение)
2026-09-02;PE-10;Канат полиэтиленовый 10мм;Продажа;-177;Отгрузка клиенту
2026-09-02;PE-10;Канат полиэтиленовый 10мм;Приход;204;Производство (плетение)
2026-09-02;PE-8;Канат полиэтиленовый 8мм;Продажа;-199;Отгрузка клиенту
2026-09-02;PE-8;Канат полиэтиленовый 8мм;Приход;264;Производство (плетение)
2026-09-02;PE-6;Канат полиэтиленовый 6мм;Приход;308;Производство (плетение)
2026-09-02;PP-40;Канат ПП 40мм (48-прядный);Приход;24;Производство (плетение)
2026-09-02;PP-32;Канат ПП 32мм (48-прядный);Продажа;-40;Отгрузка клиенту
2026-09-02;PP-32;Канат ПП 32мм (48-прядный);Приход;41;Производство (плетение)
2026-09-02;PP-24;Канат ПП 24мм (48-прядный);Продажа;-48;Отгрузка клиенту
2026-09-02;PP-24;Канат ПП 24мм (48-прядный);Приход;89;Производство (плетение)
2026-09-02;PP-20;Канат ПП 20мм (32-прядный);Продажа;-90;Отгрузка клиенту
2026-09-02;PP-20;Канат ПП 20мм (32-прядный);Приход;112;Производство (плетение)
2026-09-02;PP-16;Канат ПП 16мм (24-прядный);Продажа;-173;Отгрузка клиенту
2026-09-02;PP-16;Канат ПП 16мм (24-прядный);Приход;180;Производство (плетение)
2026-09-02;PP-12;Канат ПП 12мм (16-прядный);Приход;288;Производство (плетение)
2026-09-02;PP-10;Канат ПП 10мм (12-прядный);Продажа;-377;Отгрузка клиенту
2026-09-02;PP-10;Канат ПП 10мм (12-прядный);Приход;345;Производство (плетение)
2026-09-02;PP-8;Канат ПП 8мм (8-прядный);Продажа;-389;Отгрузка клиенту
2026-09-02;PP-8;Канат ПП 8мм (8-прядный);Приход;420;Производство (плетение)
2026-09-02;PA-16;Канат полиамидный 16мм;Продажа;-105;Отгрузка клиенту
2026-09-02;PA-16;Канат полиамидный 16мм;Приход;127;Производство (плетение)
2026-09-02;PA-14;Канат полиамидный 14мм;Продажа;-175;Отгрузка клиенту
2026-09-02;PA-14;Канат полиамидный 14мм;Приход;189;Производство (плетение)
2026-09-02;PA-12;Канат полиамидный 12мм;Продажа;-237;Отгрузка клиенту
2026-09-02;PA-12;Канат полиамидный 12мм;Приход;241;Производство (плетение)
2026-09-02;PA-10;Канат полиамидный 10мм;Приход;284;Производство (плетение)
2026-09-02;PA-8;Канат полиамидный 8мм;Продажа;-404;Отгрузка клиенту
2026-09-02;PA-8;Канат полиамидный 8мм;Приход;361;Производство (плетение)
2026-09-02;PA-6;Канат полиамидный 6мм;Продажа;-493;Отгрузка клиенту
2026-09-02;PA-6;Канат полиамидный 6мм;Приход;517;Производство (плетение)
2026-09-02;PA-4;Канат полиамидный 4мм;Продажа;-437;Отгрузка клиенту
2026-09-02;PA-4;Канат полиамидный 4мм;Приход;482;Производство (плетение)
2026-09-02;LS-16;Канат низкорастяжимый 16мм;Продажа;-51;Отгрузка клиенту
2026-09-02;LS-16;Канат низкорастяжимый 16мм;Приход;75;Производство (плетение)
2026-09-02;LS-14;Канат низкорастяжимый 14мм;Продажа;-89;Отгрузка клиенту
2026-09-02;LS-14;Канат низкорастяжимый 14мм;Приход;93;Производство (плетение)
2026-09-02;LS-12;Канат низкорастяжимый 12мм;Продажа;-85;Отгрузка клиенту
2026-09-02;LS-12;Канат низкорастяжимый 12мм;Приход;111;Производство (плетение)
2026-09-02;LS-10;Канат низкорастяжимый 10мм;Продажа;-131;Отгрузка клиенту
2026-09-02;LS-10;Канат низкорастяжимый 10мм;Приход;172;Производство (плетение)
2026-09-02;HMPE-12;Канат HMPE 12мм;Продажа;-31;Отгрузка клиенту
2026-09-02;HMPE-12;Канат HMPE 12мм;Приход;47;Производство (плетение)
2026-09-02;HMPE-10;Канат HMPE 10мм;Продажа;-80;Отгрузка клиенту
2026-09-02;HMPE-10;Канат HMPE 10мм;Приход;80;Производство (плетение)
2026-09-02;HMPE-8;Канат HMPE 8мм;Продажа;-117;Отгрузка клиенту
2026-09-02;HMPE-8;Канат HMPE 8мм;Приход;118;Производство (плетение)
2026-09-02;HMPE-6;Канат HMPE 6мм;Продажа;-232;Отгрузка клиенту
2026-09-02;HMPE-6;Канат HMPE 6мм;Приход;195;Производство (плетение)
2026-09-02;HMPE-4;Канат HMPE 4мм;Приход;311;Производство (плетение)
2026-09-02;HMPE-3;Канат HMPE 3мм;Продажа;-388;Отгрузка клиенту
2026-09-02;HMPE-3;Канат HMPE 3мм;Приход;412;Производство (плетение)
2026-09-02;HMPE-2;Канат HMPE 2мм;Продажа;-402;Отгрузка клиенту
2026-09-02;HMPE-2;Канат HMPE 2мм;Приход;396;Производство (плетение)
2026-09-02;ARAM-6;Шнур арамидный 6мм;Продажа;-115;Отгрузка клиенту
2026-09-02;ARAM-6;Шнур арамидный 6мм;Приход;167;Производство (плетение)
2026-09-02;ARAM-4;Шнур арамидный 4мм;Приход;209;Производство (плетение)
2026-09-02;REP-8;Репшнур 8мм (ПА);Продажа;-160;Отгрузка клиенту
2026-09-02;REP-8;Репшнур 8мм (ПА);Приход;190;Производство (плетение)
2026-09-02;REP-7;Репшнур 7мм (арамид);Приход;175;Производство (плетение)
2026-09-02;REP-6;Репшнур 6мм (ПА);Продажа;-308;Отгрузка клиенту
2026-09-02;REP-6;Репшнур 6мм (ПА);Приход;395;Производство (плетение)
2026-09-02;REP-4;Репшнур 4мм (ПА);Продажа;-330;Отгрузка клиенту
2026-09-02;REP-4;Репшнур 4мм (ПА);Приход;346;Производство (плетение)
2026-09-02;DYN-105;Верёвка динамическая 10.5мм;Продажа;-31;Отгрузка клиенту
2026-09-02;DYN-105;Верёвка динамическая 10.5мм;Приход;57;Производство (плетение)
2026-09-02;DYN-98;Верёвка динамическая 9.8мм;Продажа;-40;Отгрузка клиенту
2026-09-02;DYN-98;Верёвка динамическая 9.8мм;Приход;67;Производство (плетение)
2026-09-02;STAT-12;Верёвка статическая 12мм;Приход;83;Производство (плетение)
2026-09-02;STAT-11;Верёвка статическая 11мм;Продажа;-138;Отгрузка клиенту
2026-09-02;STAT-11;Верёвка статическая 11мм;Приход;134;Производство (плетение)
2026-09-02;STAT-105;Верёвка статическая 10.5мм;Продажа;-82;Отгрузка клиенту
2026-09-02;STAT-105;Верёвка статическая 10.5мм;Приход;143;Производство (плетение)
2026-09-02;STAT-10;Верёвка статическая 10мм;Продажа;-220;Отгрузка клиенту
2026-09-02;STAT-10;Верёвка статическая 10мм;Приход;210;Производство (плетение)
2026-09-02;STAT-9;Верёвка статическая 9мм (ПЭС оплётка);Продажа;-93;Отгрузка клиенту
2026-09-02;STAT-9;Верёвка статическая 9мм (ПЭС оплётка);Приход;125;Производство (плетение)
2026-09-02;TAPE-PK;Скотч упаковочный;Расход;-26.5;Расход в производство
2026-09-02;PKG-BOX;Коробки картонные;Расход;-35.8;Расход в производство
2026-09-02;PKG-STR;Стрейч-плёнка;Расход;-12.7;Расход в производство
2026-09-02;SPOOL-L;Катушки большие (упаков. верёвки);Расход;-13.5;Расход в производство
2026-09-02;GLS-R;Ровинг стеклянный;Расход;-33.8;Расход в производство
2026-09-02;BAS-R;Ровинг базальтовый;Расход;-23.9;Расход в производство
2026-09-02;SIL-F;Волокно кремнеземное;Расход;-18.4;Расход в производство
2026-09-02;ARAM-F;Нить арамидная (Русар);Расход;-11.4;Расход в производство
2026-09-02;HMPE-F;Волокно HMPE (Dyneema SK78);Расход;-15.6;Расход в производство
2026-09-01;PACK-10;Верёвка упакованная 10мм (бухты);Приход;360;Производство (плетение)
2026-09-01;HORSE-10;Шнур конный спорт 10мм;Продажа;-67;Отгрузка клиенту
2026-09-01;HORSE-10;Шнур конный спорт 10мм;Приход;133;Производство (плетение)
2026-09-01;HORSE-8;Шнур конный спорт 8мм;Продажа;-141;Отгрузка клиенту
2026-09-01;HORSE-8;Шнур конный спорт 8мм;Приход;143;Производство (плетение)
2026-09-01;BANNER-4;Шнур баннерный 4мм;Приход;405;Производство (плетение)
2026-09-01;BANNER-3;Шнур баннерный 3мм;Приход;537;Производство (плетение)
2026-09-01;BAG-5;Шнур для пакетов 5мм;Продажа;-379;Отгрузка клиенту
2026-09-01;BAG-5;Шнур для пакетов 5мм;Приход;701;Производство (плетение)
2026-09-01;BAG-4;Шнур для пакетов 4мм;Продажа;-903;Отгрузка клиенту
2026-09-01;BAG-4;Шнур для пакетов 4мм;Приход;814;Производство (плетение)
2026-09-01;CARGO-24;Канат грузовой 24мм;Продажа;-44;Отгрузка клиенту
2026-09-01;CARGO-24;Канат грузовой 24мм;Приход;58;Производство (плетение)
2026-09-01;CARGO-20;Канат грузовой 20мм;Продажа;-66;Отгрузка клиенту
2026-09-01;CARGO-20;Канат грузовой 20мм;Приход;111;Производство (плетение)
2026-09-01;CARGO-16;Канат грузовой 16мм;Продажа;-109;Отгрузка клиенту
2026-09-01;CARGO-16;Канат грузовой 16мм;Приход;174;Производство (плетение)
2026-09-01;FENCE-10;Канат ограждающий 10мм;Продажа;-142;Отгрузка клиенту
2026-09-01;FENCE-10;Канат ограждающий 10мм;Приход;165;Производство (плетение)
2026-09-01;FENCE-8;Канат ограждающий 8мм;Продажа;-164;Отгрузка клиенту
2026-09-01;FENCE-8;Канат ограждающий 8мм;Приход;280;Производство (плетение)
2026-09-01;FENCE-6;Канат ограждающий 6мм;Продажа;-204;Отгрузка клиенту
2026-09-01;FENCE-6;Канат ограждающий 6мм;Приход;286;Производство (плетение)
2026-09-01;CABLE-8;Трос-лидер 8мм;Продажа;-85;Отгрузка клиенту
2026-09-01;CABLE-8;Трос-лидер 8мм;Приход;132;Производство (плетение)
2026-09-01;CABLE-6;Канат для протяжки кабеля 6мм;Приход;167;Производство (плетение)
2026-09-01;CABLE-4;Канат для протяжки кабеля 4мм;Продажа;-128;Отгрузка клиенту
2026-09-01;CABLE-4;Канат для протяжки кабеля 4мм;Приход;241;Производство (плетение)
2026-09-01;LEER-8;Леер для лодок 8мм;Продажа;-96;Отгрузка клиенту
2026-09-01;LEER-8;Леер для лодок 8мм;Приход;105;Производство (плетение)
2026-09-01;LEER-6;Леер для лодок 6мм;Продажа;-174;Отгрузка клиенту
2026-09-01;LEER-6;Леер для лодок 6мм;Приход;168;Производство (плетение)
2026-09-01;LEER-5;Леер для лодок 5мм;Приход;234;Производство (плетение)
2026-09-01;YAHT-12;Канат яхтенный 12мм;Приход;115;Производство (плетение)
2026-09-01;YAHT-10;Канат яхтенный (фалы) 10мм;Приход;141;Производство (плетение)
2026-09-01;YAHT-8;Канат яхтенный 8мм;Продажа;-203;Отгрузка клиенту
2026-09-01;YAHT-8;Канат яхтенный 8мм;Приход;204;Производство (плетение)
2026-09-01;YAHT-6;Канат яхтенный (шкоты) 6мм;Продажа;-269;Отгрузка клиенту
2026-09-01;YAHT-6;Канат яхтенный (шкоты) 6мм;Приход;244;Производство (плетение)
2026-09-01;FISH-3;Шнур рыболовный 3мм;Приход;351;Производство (плетение)
2026-09-01;FISH-25;Шнур рыболовный 2.5мм;Продажа;-358;Отгрузка клиенту
2026-09-01;FISH-25;Шнур рыболовный 2.5мм;Приход;427;Производство (плетение)
2026-09-01;FISH-18;Шнур рыболовный (throwline) 1.8мм;Приход;640;Производство (плетение)
2026-09-01;GLS-10;Шнур стеклянный 10мм;Продажа;-66;Отгрузка клиенту
2026-09-01;GLS-10;Шнур стеклянный 10мм;Приход;70;Производство (плетение)
2026-09-01;GLS-8;Шнур стеклянный 8мм;Продажа;-47;Отгрузка клиенту
2026-09-01;GLS-8;Шнур стеклянный 8мм;Приход;85;Производство (плетение)
2026-09-01;GLS-6;Шнур стеклянный 6мм;Продажа;-73;Отгрузка клиенту
2026-09-01;GLS-6;Шнур стеклянный 6мм;Приход;105;Производство (плетение)
2026-09-01;GLS-4;Шнур стеклянный 4мм;Приход;127;Производство (плетение)
2026-09-01;BAS-12;Шнур базальтовый 12мм;Продажа;-38;Отгрузка клиенту
2026-09-01;BAS-12;Шнур базальтовый 12мм;Приход;80;Производство (плетение)
2026-09-01;BAS-10;Шнур базальтовый 10мм (сердечник);Продажа;-69;Отгрузка клиенту
2026-09-01;BAS-10;Шнур базальтовый 10мм (сердечник);Приход;91;Производство (плетение)
2026-09-01;BAS-8;Шнур базальтовый 8мм (сердечник);Продажа;-103;Отгрузка клиенту
2026-09-01;BAS-8;Шнур базальтовый 8мм (сердечник);Приход;121;Производство (плетение)
2026-09-01;BAS-6;Шнур базальтовый 6мм (до 500°C);Приход;135;Производство (плетение)
2026-09-01;SIL-18;Шнур кремнеземный 18мм;Приход;27;Производство (плетение)
2026-09-01;SIL-16;Шнур кремнеземный 16мм;Продажа;-28;Отгрузка клиенту
2026-09-01;SIL-16;Шнур кремнеземный 16мм;Приход;51;Производство (плетение)
2026-09-01;SIL-14;Шнур кремнеземный 14мм;Продажа;-32;Отгрузка клиенту
2026-09-01;SIL-14;Шнур кремнеземный 14мм;Приход;69;Производство (плетение)
2026-09-01;SIL-12;Шнур кремнеземный 12мм;Продажа;-54;Отгрузка клиенту
2026-09-01;SIL-12;Шнур кремнеземный 12мм;Приход;80;Производство (плетение)
2026-09-01;SIL-10;Шнур кремнеземный 10мм;Продажа;-72;Отгрузка клиенту
2026-09-01;SIL-10;Шнур кремнеземный 10мм;Приход;112;Производство (плетение)
2026-09-01;SIL-8;Шнур кремнеземный 8мм;Продажа;-139;Отгрузка клиенту
2026-09-01;SIL-8;Шнур кремнеземный 8мм;Приход;137;Производство (плетение)
2026-09-01;SIL-6;Шнур кремнеземный 6мм;Продажа;-151;Отгрузка клиенту
2026-09-01;SIL-6;Шнур кремнеземный 6мм;Приход;135;Производство (плетение)
2026-09-01;SIL-4;Шнур кремнеземный 4мм;Продажа;-172;Отгрузка клиенту
2026-09-01;SIL-4;Шнур кремнеземный 4мм;Приход;139;Производство (плетение)
2026-09-01;PE-10;Канат полиэтиленовый 10мм;Продажа;-123;Отгрузка клиенту
2026-09-01;PE-10;Канат полиэтиленовый 10мм;Приход;179;Производство (плетение)
2026-09-01;PE-8;Канат полиэтиленовый 8мм;Приход;297;Производство (плетение)
2026-09-01;PE-6;Канат полиэтиленовый 6мм;Продажа;-358;Отгрузка клиенту
2026-09-01;PE-6;Канат полиэтиленовый 6мм;Приход;319;Производство (плетение)
2026-09-01;PP-40;Канат ПП 40мм (48-прядный);Продажа;-24;Отгрузка клиенту
2026-09-01;PP-40;Канат ПП 40мм (48-прядный);Приход;21;Производство (плетение)
2026-09-01;PP-32;Канат ПП 32мм (48-прядный);Приход;39;Производство (плетение)
2026-09-01;PP-24;Канат ПП 24мм (48-прядный);Продажа;-65;Отгрузка клиенту
2026-09-01;PP-24;Канат ПП 24мм (48-прядный);Приход;94;Производство (плетение)
2026-09-01;PP-20;Канат ПП 20мм (32-прядный);Продажа;-79;Отгрузка клиенту
2026-09-01;PP-20;Канат ПП 20мм (32-прядный);Приход;118;Производство (плетение)
2026-09-01;PP-16;Канат ПП 16мм (24-прядный);Продажа;-192;Отгрузка клиенту
2026-09-01;PP-16;Канат ПП 16мм (24-прядный);Приход;185;Производство (плетение)
2026-09-01;PP-12;Канат ПП 12мм (16-прядный);Продажа;-177;Отгрузка клиенту
2026-09-01;PP-12;Канат ПП 12мм (16-прядный);Приход;275;Производство (плетение)
2026-09-01;PP-10;Канат ПП 10мм (12-прядный);Продажа;-342;Отгрузка клиенту
2026-09-01;PP-10;Канат ПП 10мм (12-прядный);Приход;365;Производство (плетение)
2026-09-01;PP-8;Канат ПП 8мм (8-прядный);Продажа;-401;Отгрузка клиенту
2026-09-01;PP-8;Канат ПП 8мм (8-прядный);Приход;474;Производство (плетение)
2026-09-01;PA-16;Канат полиамидный 16мм;Приход;123;Производство (плетение)
2026-09-01;PA-14;Канат полиамидный 14мм;Продажа;-162;Отгрузка клиенту
2026-09-01;PA-14;Канат полиамидный 14мм;Приход;190;Производство (плетение)
2026-09-01;PA-12;Канат полиамидный 12мм;Продажа;-111;Отгрузка клиенту
2026-09-01;PA-12;Канат полиамидный 12мм;Приход;233;Производство (плетение)
2026-09-01;PA-10;Канат полиамидный 10мм;Приход;271;Производство (плетение)
2026-09-01;PA-8;Канат полиамидный 8мм;Продажа;-197;Отгрузка клиенту
2026-09-01;PA-8;Канат полиамидный 8мм;Приход;438;Производство (плетение)
2026-09-01;PA-6;Канат полиамидный 6мм;Продажа;-496;Отгрузка клиенту
2026-09-01;PA-6;Канат полиамидный 6мм;Приход;530;Производство (плетение)
2026-09-01;PA-4;Канат полиамидный 4мм;Приход;454;Производство (плетение)
2026-09-01;LS-16;Канат низкорастяжимый 16мм;Приход;67;Производство (плетение)
2026-09-01;LS-14;Канат низкорастяжимый 14мм;Приход;99;Производство (плетение)
2026-09-01;LS-12;Канат низкорастяжимый 12мм;Продажа;-62;Отгрузка клиенту
2026-09-01;LS-12;Канат низкорастяжимый 12мм;Приход;131;Производство (плетение)
2026-09-01;LS-10;Канат низкорастяжимый 10мм;Продажа;-119;Отгрузка клиенту
2026-09-01;LS-10;Канат низкорастяжимый 10мм;Приход;157;Производство (плетение)
2026-09-01;HMPE-12;Канат HMPE 12мм;Продажа;-56;Отгрузка клиенту
2026-09-01;HMPE-12;Канат HMPE 12мм;Приход;52;Производство (плетение)
2026-09-01;HMPE-10;Канат HMPE 10мм;Продажа;-76;Отгрузка клиенту
2026-09-01;HMPE-10;Канат HMPE 10мм;Приход;75;Производство (плетение)
2026-09-01;HMPE-8;Канат HMPE 8мм;Продажа;-138;Отгрузка клиенту
2026-09-01;HMPE-8;Канат HMPE 8мм;Приход;119;Производство (плетение)
2026-09-01;HMPE-6;Канат HMPE 6мм;Продажа;-153;Отгрузка клиенту
2026-09-01;HMPE-6;Канат HMPE 6мм;Приход;196;Производство (плетение)
2026-09-01;HMPE-4;Канат HMPE 4мм;Продажа;-220;Отгрузка клиенту
2026-09-01;HMPE-4;Канат HMPE 4мм;Приход;281;Производство (плетение)
2026-09-01;HMPE-3;Канат HMPE 3мм;Продажа;-358;Отгрузка клиенту
2026-09-01;HMPE-3;Канат HMPE 3мм;Приход;407;Производство (плетение)
2026-09-01;HMPE-2;Канат HMPE 2мм;Продажа;-212;Отгрузка клиенту
2026-09-01;HMPE-2;Канат HMPE 2мм;Приход;375;Производство (плетение)
2026-09-01;ARAM-6;Шнур арамидный 6мм;Продажа;-84;Отгрузка клиенту
2026-09-01;ARAM-6;Шнур арамидный 6мм;Приход;156;Производство (плетение)
2026-09-01;ARAM-4;Шнур арамидный 4мм;Продажа;-151;Отгрузка клиенту
2026-09-01;ARAM-4;Шнур арамидный 4мм;Приход;189;Производство (плетение)
2026-09-01;REP-8;Репшнур 8мм (ПА);Продажа;-144;Отгрузка клиенту
2026-09-01;REP-8;Репшнур 8мм (ПА);Приход;209;Производство (плетение)
2026-09-01;REP-7;Репшнур 7мм (арамид);Приход;162;Производство (плетение)
2026-09-01;REP-6;Репшнур 6мм (ПА);Продажа;-401;Отгрузка клиенту
2026-09-01;REP-6;Репшнур 6мм (ПА);Приход;328;Производство (плетение)
2026-09-01;REP-4;Репшнур 4мм (ПА);Продажа;-335;Отгрузка клиенту
2026-09-01;REP-4;Репшнур 4мм (ПА);Приход;291;Производство (плетение)
2026-09-01;DYN-105;Верёвка динамическая 10.5мм;Продажа;-27;Отгрузка клиенту
2026-09-01;DYN-105;Верёвка динамическая 10.5мм;Приход;56;Производство (плетение)
2026-09-01;DYN-98;Верёвка динамическая 9.8мм;Продажа;-53;Отгрузка клиенту
2026-09-01;DYN-98;Верёвка динамическая 9.8мм;Приход;57;Производство (плетение)
2026-09-01;STAT-12;Верёвка статическая 12мм;Продажа;-46;Отгрузка клиенту
2026-09-01;STAT-12;Верёвка статическая 12мм;Приход;90;Производство (плетение)
2026-09-01;STAT-11;Верёвка статическая 11мм;Приход;108;Производство (плетение)
2026-09-01;STAT-105;Верёвка статическая 10.5мм;Продажа;-101;Отгрузка клиенту
2026-09-01;STAT-105;Верёвка статическая 10.5мм;Приход;169;Производство (плетение)
2026-09-01;STAT-10;Верёвка статическая 10мм;Продажа;-130;Отгрузка клиенту
2026-09-01;STAT-10;Верёвка статическая 10мм;Приход;213;Производство (плетение)
2026-09-01;STAT-9;Верёвка статическая 9мм (ПЭС оплётка);Приход;137;Производство (плетение)
2026-09-01;TAPE-PK;Скотч упаковочный;Расход;-27.5;Расход в производство
2026-09-01;PKG-BOX;Коробки картонные;Расход;-34.1;Расход в производство
2026-09-01;PKG-STR;Стрейч-плёнка;Расход;-14.6;Расход в производство
2026-09-01;SPOOL-L;Катушки большие (упаков. верёвки);Расход;-17.8;Расход в производство
2026-09-01;GLS-R;Ровинг стеклянный;Расход;-30.4;Расход в производство
2026-09-01;BAS-R;Ровинг базальтовый;Расход;-20.3;Расход в производство
2026-09-01;SIL-F;Волокно кремнеземное;Расход;-23.6;Расход в производство
2026-09-01;ARAM-F;Нить арамидная (Русар);Расход;-11.2;Расход в производство
2026-09-01;HMPE-F;Волокно HMPE (Dyneema SK78);Расход;-14.4;Расход в производство
2026-08-31;PACK-10;Верёвка упакованная 10мм (бухты);Продажа;-363;Отгрузка клиенту
2026-08-31;PACK-10;Верёвка упакованная 10мм (бухты);Приход;439;Производство (плетение)
2026-08-31;HORSE-10;Шнур конный спорт 10мм;Продажа;-106;Отгрузка клиенту
2026-08-31;HORSE-10;Шнур конный спорт 10мм;Приход;109;Производство (плетение)
2026-08-31;HORSE-8;Шнур конный спорт 8мм;Продажа;-94;Отгрузка клиенту
2026-08-31;HORSE-8;Шнур конный спорт 8мм;Приход;148;Производство (плетение)
2026-08-31;BANNER-4;Шнур баннерный 4мм;Продажа;-453;Отгрузка клиенту
2026-08-31;BANNER-4;Шнур баннерный 4мм;Приход;404;Производство (плетение)
2026-08-31;BANNER-3;Шнур баннерный 3мм;Продажа;-518;Отгрузка клиенту
2026-08-31;BANNER-3;Шнур баннерный 3мм;Приход;492;Производство (плетение)
2026-08-31;BAG-5;Шнур для пакетов 5мм;Приход;699;Производство (плетение)
2026-08-31;BAG-4;Шнур для пакетов 4мм;Продажа;-756;Отгрузка клиенту
2026-08-31;BAG-4;Шнур для пакетов 4мм;Приход;889;Производство (плетение)
2026-08-31;CARGO-24;Канат грузовой 24мм;Приход;61;Производство (плетение)
2026-08-31;CARGO-20;Канат грузовой 20мм;Продажа;-116;Отгрузка клиенту
2026-08-31;CARGO-20;Канат грузовой 20мм;Приход;96;Производство (плетение)
2026-08-31;CARGO-16;Канат грузовой 16мм;Приход;173;Производство (плетение)
2026-08-31;FENCE-10;Канат ограждающий 10мм;Приход;210;Производство (плетение)
2026-08-31;FENCE-8;Канат ограждающий 8мм;Продажа;-158;Отгрузка клиенту
2026-08-31;FENCE-8;Канат ограждающий 8мм;Приход;297;Производство (плетение)
2026-08-31;FENCE-6;Канат ограждающий 6мм;Приход;356;Производство (плетение)
2026-08-31;CABLE-8;Трос-лидер 8мм;Продажа;-135;Отгрузка клиенту
2026-08-31;CABLE-8;Трос-лидер 8мм;Приход;131;Производство (плетение)
2026-08-31;CABLE-6;Канат для протяжки кабеля 6мм;Приход;163;Производство (плетение)
2026-08-31;CABLE-4;Канат для протяжки кабеля 4мм;Продажа;-135;Отгрузка клиенту
2026-08-31;CABLE-4;Канат для протяжки кабеля 4мм;Приход;237;Производство (плетение)
2026-08-31;LEER-8;Леер для лодок 8мм;Продажа;-98;Отгрузка клиенту
2026-08-31;LEER-8;Леер для лодок 8мм;Приход;91;Производство (плетение)
2026-08-31;LEER-6;Леер для лодок 6мм;Продажа;-115;Отгрузка клиенту
2026-08-31;LEER-6;Леер для лодок 6мм;Приход;139;Производство (плетение)
2026-08-31;LEER-5;Леер для лодок 5мм;Продажа;-127;Отгрузка клиенту
2026-08-31;LEER-5;Леер для лодок 5мм;Приход;210;Производство (плетение)
2026-08-31;YAHT-12;Канат яхтенный 12мм;Продажа;-52;Отгрузка клиенту
2026-08-31;YAHT-12;Канат яхтенный 12мм;Приход;111;Производство (плетение)
2026-08-31;YAHT-10;Канат яхтенный (фалы) 10мм;Продажа;-176;Отгрузка клиенту
2026-08-31;YAHT-10;Канат яхтенный (фалы) 10мм;Приход;159;Производство (плетение)
2026-08-31;YAHT-8;Канат яхтенный 8мм;Продажа;-184;Отгрузка клиенту
2026-08-31;YAHT-8;Канат яхтенный 8мм;Приход;201;Производство (плетение)
2026-08-31;YAHT-6;Канат яхтенный (шкоты) 6мм;Приход;253;Производство (плетение)
2026-08-31;FISH-3;Шнур рыболовный 3мм;Продажа;-314;Отгрузка клиенту
2026-08-31;FISH-3;Шнур рыболовный 3мм;Приход;332;Производство (плетение)
2026-08-31;FISH-25;Шнур рыболовный 2.5мм;Приход;387;Производство (плетение)
2026-08-31;FISH-18;Шнур рыболовный (throwline) 1.8мм;Продажа;-324;Отгрузка клиенту
2026-08-31;FISH-18;Шнур рыболовный (throwline) 1.8мм;Приход;697;Производство (плетение)
2026-08-31;GLS-10;Шнур стеклянный 10мм;Продажа;-39;Отгрузка клиенту
2026-08-31;GLS-10;Шнур стеклянный 10мм;Приход;65;Производство (плетение)
2026-08-31;GLS-8;Шнур стеклянный 8мм;Продажа;-74;Отгрузка клиенту
2026-08-31;GLS-8;Шнур стеклянный 8мм;Приход;85;Производство (плетение)
2026-08-31;GLS-6;Шнур стеклянный 6мм;Продажа;-81;Отгрузка клиенту
2026-08-31;GLS-6;Шнур стеклянный 6мм;Приход;105;Производство (плетение)
2026-08-31;GLS-4;Шнур стеклянный 4мм;Продажа;-88;Отгрузка клиенту
2026-08-31;GLS-4;Шнур стеклянный 4мм;Приход;141;Производство (плетение)
2026-08-31;BAS-12;Шнур базальтовый 12мм;Продажа;-36;Отгрузка клиенту
2026-08-31;BAS-12;Шнур базальтовый 12мм;Приход;72;Производство (плетение)
2026-08-31;BAS-10;Шнур базальтовый 10мм (сердечник);Приход;93;Производство (плетение)
2026-08-31;BAS-8;Шнур базальтовый 8мм (сердечник);Продажа;-132;Отгрузка клиенту
2026-08-31;BAS-8;Шнур базальтовый 8мм (сердечник);Приход;124;Производство (плетение)
2026-08-31;BAS-6;Шнур базальтовый 6мм (до 500°C);Продажа;-110;Отгрузка клиенту
2026-08-31;BAS-6;Шнур базальтовый 6мм (до 500°C);Приход;137;Производство (плетение)
2026-08-31;SIL-18;Шнур кремнеземный 18мм;Приход;32;Производство (плетение)
2026-08-31;SIL-16;Шнур кремнеземный 16мм;Продажа;-39;Отгрузка клиенту
2026-08-31;SIL-16;Шнур кремнеземный 16мм;Приход;46;Производство (плетение)
2026-08-31;SIL-14;Шнур кремнеземный 14мм;Продажа;-41;Отгрузка клиенту
2026-08-31;SIL-14;Шнур кремнеземный 14мм;Приход;62;Производство (плетение)
2026-08-31;SIL-12;Шнур кремнеземный 12мм;Приход;91;Производство (плетение)
2026-08-31;SIL-10;Шнур кремнеземный 10мм;Продажа;-91;Отгрузка клиенту
2026-08-31;SIL-10;Шнур кремнеземный 10мм;Приход;105;Производство (плетение)
2026-08-31;SIL-8;Шнур кремнеземный 8мм;Приход;108;Производство (плетение)
2026-08-31;SIL-6;Шнур кремнеземный 6мм;Приход;147;Производство (плетение)
2026-08-31;SIL-4;Шнур кремнеземный 4мм;Продажа;-120;Отгрузка клиенту
2026-08-31;SIL-4;Шнур кремнеземный 4мм;Приход;155;Производство (плетение)
2026-08-31;PE-10;Канат полиэтиленовый 10мм;Продажа;-188;Отгрузка клиенту
2026-08-31;PE-10;Канат полиэтиленовый 10мм;Приход;203;Производство (плетение)
2026-08-31;PE-8;Канат полиэтиленовый 8мм;Продажа;-159;Отгрузка клиенту
2026-08-31;PE-8;Канат полиэтиленовый 8мм;Приход;297;Производство (плетение)
2026-08-31;PE-6;Канат полиэтиленовый 6мм;Приход;286;Производство (плетение)
2026-08-31;PP-40;Канат ПП 40мм (48-прядный);Продажа;-16;Отгрузка клиенту
2026-08-31;PP-40;Канат ПП 40мм (48-прядный);Приход;21;Производство (плетение)
2026-08-31;PP-32;Канат ПП 32мм (48-прядный);Приход;38;Производство (плетение)
2026-08-31;PP-24;Канат ПП 24мм (48-прядный);Продажа;-55;Отгрузка клиенту
2026-08-31;PP-24;Канат ПП 24мм (48-прядный);Приход;88;Производство (плетение)
2026-08-31;PP-20;Канат ПП 20мм (32-прядный);Продажа;-97;Отгрузка клиенту
2026-08-31;PP-20;Канат ПП 20мм (32-прядный);Приход;132;Производство (плетение)
2026-08-31;PP-16;Канат ПП 16мм (24-прядный);Продажа;-224;Отгрузка клиенту
2026-08-31;PP-16;Канат ПП 16мм (24-прядный);Приход;193;Производство (плетение)
2026-08-31;PP-12;Канат ПП 12мм (16-прядный);Продажа;-250;Отгрузка клиенту
2026-08-31;PP-12;Канат ПП 12мм (16-прядный);Приход;298;Производство (плетение)
2026-08-31;PP-10;Канат ПП 10мм (12-прядный);Продажа;-369;Отгрузка клиенту
2026-08-31;PP-10;Канат ПП 10мм (12-прядный);Приход;320;Производство (плетение)
2026-08-31;PP-8;Канат ПП 8мм (8-прядный);Продажа;-389;Отгрузка клиенту
2026-08-31;PP-8;Канат ПП 8мм (8-прядный);Приход;427;Производство (плетение)
2026-08-31;PA-16;Канат полиамидный 16мм;Приход;137;Производство (плетение)
2026-08-31;PA-14;Канат полиамидный 14мм;Продажа;-112;Отгрузка клиенту
2026-08-31;PA-14;Канат полиамидный 14мм;Приход;166;Производство (плетение)
2026-08-31;PA-12;Канат полиамидный 12мм;Приход;208;Производство (плетение)
2026-08-31;PA-10;Канат полиамидный 10мм;Приход;287;Производство (плетение)
2026-08-31;PA-8;Канат полиамидный 8мм;Продажа;-386;Отгрузка клиенту
2026-08-31;PA-8;Канат полиамидный 8мм;Приход;354;Производство (плетение)
2026-08-31;PA-6;Канат полиамидный 6мм;Продажа;-338;Отгрузка клиенту
2026-08-31;PA-6;Канат полиамидный 6мм;Приход;450;Производство (плетение)
2026-08-31;PA-4;Канат полиамидный 4мм;Приход;560;Производство (плетение)
2026-08-31;LS-16;Канат низкорастяжимый 16мм;Продажа;-46;Отгрузка клиенту
2026-08-31;LS-16;Канат низкорастяжимый 16мм;Приход;77;Производство (плетение)
2026-08-31;LS-14;Канат низкорастяжимый 14мм;Продажа;-88;Отгрузка клиенту
2026-08-31;LS-14;Канат низкорастяжимый 14мм;Приход;95;Производство (плетение)
2026-08-31;LS-12;Канат низкорастяжимый 12мм;Приход;108;Производство (плетение)
2026-08-31;LS-10;Канат низкорастяжимый 10мм;Продажа;-171;Отгрузка клиенту
2026-08-31;LS-10;Канат низкорастяжимый 10мм;Приход;162;Производство (плетение)
2026-08-31;HMPE-12;Канат HMPE 12мм;Продажа;-33;Отгрузка клиенту
2026-08-31;HMPE-12;Канат HMPE 12мм;Приход;49;Производство (плетение)
2026-08-31;HMPE-10;Канат HMPE 10мм;Продажа;-48;Отгрузка клиенту
2026-08-31;HMPE-10;Канат HMPE 10мм;Приход;93;Производство (плетение)
2026-08-31;HMPE-8;Канат HMPE 8мм;Продажа;-134;Отгрузка клиенту
2026-08-31;HMPE-8;Канат HMPE 8мм;Приход;143;Производство (плетение)
2026-08-31;HMPE-6;Канат HMPE 6мм;Продажа;-235;Отгрузка клиенту
2026-08-31;HMPE-6;Канат HMPE 6мм;Приход;224;Производство (плетение)
2026-08-31;HMPE-4;Канат HMPE 4мм;Приход;278;Производство (плетение)
2026-08-31;HMPE-3;Канат HMPE 3мм;Продажа;-381;Отгрузка клиенту
2026-08-31;HMPE-3;Канат HMPE 3мм;Приход;342;Производство (плетение)
2026-08-31;HMPE-2;Канат HMPE 2мм;Продажа;-350;Отгрузка клиенту
2026-08-31;HMPE-2;Канат HMPE 2мм;Приход;432;Производство (плетение)
2026-08-31;ARAM-6;Шнур арамидный 6мм;Приход;158;Производство (плетение)
2026-08-31;ARAM-4;Шнур арамидный 4мм;Продажа;-101;Отгрузка клиенту
2026-08-31;ARAM-4;Шнур арамидный 4мм;Приход;205;Производство (плетение)
2026-08-31;REP-8;Репшнур 8мм (ПА);Приход;203;Производство (плетение)
2026-08-31;REP-7;Репшнур 7мм (арамид);Продажа;-161;Отгрузка клиенту
2026-08-31;REP-7;Репшнур 7мм (арамид);Приход;135;Производство (плетение)
2026-08-31;REP-6;Репшнур 6мм (ПА);Продажа;-314;Отгрузка клиенту
2026-08-31;REP-6;Репшнур 6мм (ПА);Приход;410;Производство (плетение)
2026-08-31;REP-4;Репшнур 4мм (ПА);Приход;292;Производство (плетение)
2026-08-31;DYN-105;Верёвка динамическая 10.5мм;Приход;60;Производство (плетение)
2026-08-31;DYN-98;Верёвка динамическая 9.8мм;Приход;59;Производство (плетение)
2026-08-31;STAT-12;Верёвка статическая 12мм;Продажа;-83;Отгрузка клиенту
2026-08-31;STAT-12;Верёвка статическая 12мм;Приход;89;Производство (плетение)
2026-08-31;STAT-11;Верёвка статическая 11мм;Продажа;-95;Отгрузка клиенту
2026-08-31;STAT-11;Верёвка статическая 11мм;Приход;142;Производство (плетение)
2026-08-31;STAT-105;Верёвка статическая 10.5мм;Приход;155;Производство (плетение)
2026-08-31;STAT-10;Верёвка статическая 10мм;Продажа;-134;Отгрузка клиенту
2026-08-31;STAT-10;Верёвка статическая 10мм;Приход;237;Производство (плетение)
2026-08-31;STAT-9;Верёвка статическая 9мм (ПЭС оплётка);Продажа;-76;Отгрузка клиенту
2026-08-31;STAT-9;Верёвка статическая 9мм (ПЭС оплётка);Приход;109;Производство (плетение)
2026-08-31;TAPE-PK;Скотч упаковочный;Расход;-21.4;Расход в производство
2026-08-31;PKG-BOX;Коробки картонные;Расход;-39.1;Расход в производство
2026-08-31;PKG-STR;Стрейч-плёнка;Расход;-12.5;Расход в производство
2026-08-31;SPOOL-L;Катушки большие (упаков. верёвки);Расход;-15.4;Расход в производство
2026-08-31;GLS-R;Ровинг стеклянный;Расход;-25.1;Расход в производство
2026-08-31;BAS-R;Ровинг базальтовый;Расход;-28.2;Расход в производство
2026-08-31;SIL-F;Волокно кремнеземное;Расход;-19.9;Расход в производство
2026-08-31;ARAM-F;Нить арамидная (Русар);Расход;-12.8;Расход в производство
2026-08-31;HMPE-F;Волокно HMPE (Dyneema SK78);Расход;-14.8;Расход в производство
2026-08-28;PACK-10;Верёвка упакованная 10мм (бухты);Приход;371;Производство (плетение)
2026-08-28;HORSE-10;Шнур конный спорт 10мм;Продажа;-119;Отгрузка клиенту
2026-08-28;HORSE-10;Шнур конный спорт 10мм;Приход;120;Производство (плетение)
2026-08-28;HORSE-8;Шнур конный спорт 8мм;Продажа;-93;Отгрузка клиенту
2026-08-28;HORSE-8;Шнур конный спорт 8мм;Приход;136;Производство (плетение)
2026-08-28;BANNER-4;Шнур баннерный 4мм;Продажа;-283;Отгрузка клиенту
2026-08-28;BANNER-4;Шнур баннерный 4мм;Приход;409;Производство (плетение)
2026-08-28;BANNER-3;Шнур баннерный 3мм;Продажа;-311;Отгрузка клиенту
2026-08-28;BANNER-3;Шнур баннерный 3мм;Приход;560;Производство (плетение)
2026-08-28;BAG-5;Шнур для пакетов 5мм;Продажа;-702;Отгрузка клиенту
2026-08-28;BAG-5;Шнур для пакетов 5мм;Приход;630;Производство (плетение)
2026-08-28;BAG-4;Шнур для пакетов 4мм;Продажа;-568;Отгрузка клиенту
2026-08-28;BAG-4;Шнур для пакетов 4мм;Приход;871;Производство (плетение)
2026-08-28;CARGO-24;Канат грузовой 24мм;Продажа;-67;Отгрузка клиенту
2026-08-28;CARGO-24;Канат грузовой 24мм;Приход;60;Производство (плетение)
2026-08-28;CARGO-20;Канат грузовой 20мм;Продажа;-113;Отгрузка клиенту
2026-08-28;CARGO-20;Канат грузовой 20мм;Приход;112;Производство (плетение)
2026-08-28;CARGO-16;Канат грузовой 16мм;Продажа;-172;Отгрузка клиенту
2026-08-28;CARGO-16;Канат грузовой 16мм;Приход;138;Производство (плетение)
2026-08-28;FENCE-10;Канат ограждающий 10мм;Продажа;-146;Отгрузка клиенту
2026-08-28;FENCE-10;Канат ограждающий 10мм;Приход;186;Производство (плетение)
2026-08-28;FENCE-8;Канат ограждающий 8мм;Продажа;-147;Отгрузка клиенту
2026-08-28;FENCE-8;Канат ограждающий 8мм;Приход;266;Производство (плетение)
2026-08-28;FENCE-6;Канат ограждающий 6мм;Продажа;-235;Отгрузка клиенту
2026-08-28;FENCE-6;Канат ограждающий 6мм;Приход;285;Производство (плетение)
2026-08-28;CABLE-8;Трос-лидер 8мм;Продажа;-63;Отгрузка клиенту
2026-08-28;CABLE-8;Трос-лидер 8мм;Приход;116;Производство (плетение)
2026-08-28;CABLE-6;Канат для протяжки кабеля 6мм;Продажа;-137;Отгрузка клиенту
2026-08-28;CABLE-6;Канат для протяжки кабеля 6мм;Приход;169;Производство (плетение)
2026-08-28;CABLE-4;Канат для протяжки кабеля 4мм;Приход;263;Производство (плетение)
2026-08-28;LEER-8;Леер для лодок 8мм;Продажа;-107;Отгрузка клиенту
2026-08-28;LEER-8;Леер для лодок 8мм;Приход;120;Производство (плетение)
2026-08-28;LEER-6;Леер для лодок 6мм;Продажа;-109;Отгрузка клиенту
2026-08-28;LEER-6;Леер для лодок 6мм;Приход;151;Производство (плетение)
2026-08-28;LEER-5;Леер для лодок 5мм;Продажа;-219;Отгрузка клиенту
2026-08-28;LEER-5;Леер для лодок 5мм;Приход;226;Производство (плетение)
2026-08-28;YAHT-12;Канат яхтенный 12мм;Приход;99;Производство (плетение)
2026-08-28;YAHT-10;Канат яхтенный (фалы) 10мм;Приход;165;Производство (плетение)
2026-08-28;YAHT-8;Канат яхтенный 8мм;Продажа;-195;Отгрузка клиенту
2026-08-28;YAHT-8;Канат яхтенный 8мм;Приход;205;Производство (плетение)
2026-08-28;YAHT-6;Канат яхтенный (шкоты) 6мм;Продажа;-271;Отгрузка клиенту
2026-08-28;YAHT-6;Канат яхтенный (шкоты) 6мм;Приход;292;Производство (плетение)
2026-08-28;FISH-3;Шнур рыболовный 3мм;Приход;331;Производство (плетение)
2026-08-28;FISH-25;Шнур рыболовный 2.5мм;Продажа;-339;Отгрузка клиенту
2026-08-28;FISH-25;Шнур рыболовный 2.5мм;Приход;447;Производство (плетение)
2026-08-28;FISH-18;Шнур рыболовный (throwline) 1.8мм;Приход;677;Производство (плетение)
2026-08-28;GLS-10;Шнур стеклянный 10мм;Продажа;-47;Отгрузка клиенту
2026-08-28;GLS-10;Шнур стеклянный 10мм;Приход;61;Производство (плетение)
2026-08-28;GLS-8;Шнур стеклянный 8мм;Продажа;-74;Отгрузка клиенту
2026-08-28;GLS-8;Шнур стеклянный 8мм;Приход;89;Производство (плетение)
2026-08-28;GLS-6;Шнур стеклянный 6мм;Приход;105;Производство (плетение)
2026-08-28;GLS-4;Шнур стеклянный 4мм;Продажа;-120;Отгрузка клиенту
2026-08-28;GLS-4;Шнур стеклянный 4мм;Приход;141;Производство (плетение)
2026-08-28;BAS-12;Шнур базальтовый 12мм;Продажа;-60;Отгрузка клиенту
2026-08-28;BAS-12;Шнур базальтовый 12мм;Приход;84;Производство (плетение)
2026-08-28;BAS-10;Шнур базальтовый 10мм (сердечник);Приход;103;Производство (плетение)
2026-08-28;BAS-8;Шнур базальтовый 8мм (сердечник);Продажа;-106;Отгрузка клиенту
2026-08-28;BAS-8;Шнур базальтовый 8мм (сердечник);Приход;101;Производство (плетение)
2026-08-28;BAS-6;Шнур базальтовый 6мм (до 500°C);Приход;139;Производство (плетение)
2026-08-28;SIL-18;Шнур кремнеземный 18мм;Приход;31;Производство (плетение)
2026-08-28;SIL-16;Шнур кремнеземный 16мм;Продажа;-50;Отгрузка клиенту
2026-08-28;SIL-16;Шнур кремнеземный 16мм;Приход;53;Производство (плетение)
2026-08-28;SIL-14;Шнур кремнеземный 14мм;Продажа;-61;Отгрузка клиенту
2026-08-28;SIL-14;Шнур кремнеземный 14мм;Приход;64;Производство (плетение)
2026-08-28;SIL-12;Шнур кремнеземный 12мм;Продажа;-52;Отгрузка клиенту
2026-08-28;SIL-12;Шнур кремнеземный 12мм;Приход;93;Производство (плетение)
2026-08-28;SIL-10;Шнур кремнеземный 10мм;Продажа;-63;Отгрузка клиенту
2026-08-28;SIL-10;Шнур кремнеземный 10мм;Приход;101;Производство (плетение)
2026-08-28;SIL-8;Шнур кремнеземный 8мм;Продажа;-128;Отгрузка клиенту
2026-08-28;SIL-8;Шнур кремнеземный 8мм;Приход;139;Производство (плетение)
2026-08-28;SIL-6;Шнур кремнеземный 6мм;Продажа;-77;Отгрузка клиенту
2026-08-28;SIL-6;Шнур кремнеземный 6мм;Приход;135;Производство (плетение)
2026-08-28;SIL-4;Шнур кремнеземный 4мм;Продажа;-93;Отгрузка клиенту
2026-08-28;SIL-4;Шнур кремнеземный 4мм;Приход;168;Производство (плетение)
2026-08-28;PE-10;Канат полиэтиленовый 10мм;Продажа;-191;Отгрузка клиенту
2026-08-28;PE-10;Канат полиэтиленовый 10мм;Приход;173;Производство (плетение)
2026-08-28;PE-8;Канат полиэтиленовый 8мм;Продажа;-236;Отгрузка клиенту
2026-08-28;PE-8;Канат полиэтиленовый 8мм;Приход;261;Производство (плетение)
2026-08-28;PE-6;Канат полиэтиленовый 6мм;Продажа;-265;Отгрузка клиенту
2026-08-28;PE-6;Канат полиэтиленовый 6мм;Приход;332;Производство (плетение)
2026-08-28;PP-40;Канат ПП 40мм (48-прядный);Приход;22;Производство (плетение)
2026-08-28;PP-32;Канат ПП 32мм (48-прядный);Приход;41;Производство (плетение)
2026-08-28;PP-24;Канат ПП 24мм (48-прядный);Продажа;-49;Отгрузка клиенту
2026-08-28;PP-24;Канат ПП 24мм (48-прядный);Приход;87;Производство (плетение)
2026-08-28;PP-20;Канат ПП 20мм (32-прядный);Продажа;-92;Отгрузка клиенту
2026-08-28;PP-20;Канат ПП 20мм (32-прядный);Приход;142;Производство (плетение)
2026-08-28;PP-16;Канат ПП 16мм (24-прядный);Продажа;-108;Отгрузка клиенту
2026-08-28;PP-16;Канат ПП 16мм (24-прядный);Приход;191;Производство (плетение)
2026-08-28;PP-12;Канат ПП 12мм (16-прядный);Продажа;-228;Отгрузка клиенту
2026-08-28;PP-12;Канат ПП 12мм (16-прядный);Приход;306;Производство (плетение)
2026-08-28;PP-10;Канат ПП 10мм (12-прядный);Продажа;-350;Отгрузка клиенту
2026-08-28;PP-10;Канат ПП 10мм (12-прядный);Приход;349;Производство (плетение)
2026-08-28;PP-8;Канат ПП 8мм (8-прядный);Приход;393;Производство (плетение)
2026-08-28;PA-16;Канат полиамидный 16мм;Приход;115;Производство (плетение)
2026-08-28;PA-14;Канат полиамидный 14мм;Продажа;-191;Отгрузка клиенту
2026-08-28;PA-14;Канат полиамидный 14мм;Приход;174;Производство (плетение)
2026-08-28;PA-12;Канат полиамидный 12мм;Приход;250;Производство (плетение)
2026-08-28;PA-10;Канат полиамидный 10мм;Продажа;-166;Отгрузка клиенту
2026-08-28;PA-10;Канат полиамидный 10мм;Приход;287;Производство (плетение)
2026-08-28;PA-8;Канат полиамидный 8мм;Продажа;-248;Отгрузка клиенту
2026-08-28;PA-8;Канат полиамидный 8мм;Приход;367;Производство (плетение)
2026-08-28;PA-6;Канат полиамидный 6мм;Продажа;-502;Отгрузка клиенту
2026-08-28;PA-6;Канат полиамидный 6мм;Приход;420;Производство (плетение)
2026-08-28;PA-4;Канат полиамидный 4мм;Продажа;-567;Отгрузка клиенту
2026-08-28;PA-4;Канат полиамидный 4мм;Приход;552;Производство (плетение)
2026-08-28;LS-16;Канат низкорастяжимый 16мм;Приход;83;Производство (плетение)
2026-08-28;LS-14;Канат низкорастяжимый 14мм;Продажа;-46;Отгрузка клиенту
2026-08-28;LS-14;Канат низкорастяжимый 14мм;Приход;86;Производство (плетение)
2026-08-28;LS-12;Канат низкорастяжимый 12мм;Продажа;-136;Отгрузка клиенту
2026-08-28;LS-12;Канат низкорастяжимый 12мм;Приход;132;Производство (плетение)
2026-08-28;LS-10;Канат низкорастяжимый 10мм;Приход;179;Производство (плетение)
2026-08-28;HMPE-12;Канат HMPE 12мм;Приход;48;Производство (плетение)
2026-08-28;HMPE-10;Канат HMPE 10мм;Приход;73;Производство (плетение)
2026-08-28;HMPE-8;Канат HMPE 8мм;Продажа;-138;Отгрузка клиенту
2026-08-28;HMPE-8;Канат HMPE 8мм;Приход;126;Производство (плетение)
2026-08-28;HMPE-6;Канат HMPE 6мм;Продажа;-150;Отгрузка клиенту
2026-08-28;HMPE-6;Канат HMPE 6мм;Приход;213;Производство (плетение)
2026-08-28;HMPE-4;Канат HMPE 4мм;Продажа;-155;Отгрузка клиенту
2026-08-28;HMPE-4;Канат HMPE 4мм;Приход;317;Производство (плетение)
2026-08-28;HMPE-3;Канат HMPE 3мм;Продажа;-234;Отгрузка клиенту
2026-08-28;HMPE-3;Канат HMPE 3мм;Приход;412;Производство (плетение)
2026-08-28;HMPE-2;Канат HMPE 2мм;Приход;434;Производство (плетение)
2026-08-28;ARAM-6;Шнур арамидный 6мм;Продажа;-109;Отгрузка клиенту
2026-08-28;ARAM-6;Шнур арамидный 6мм;Приход;157;Производство (плетение)
2026-08-28;ARAM-4;Шнур арамидный 4мм;Приход;202;Производство (плетение)
2026-08-28;REP-8;Репшнур 8мм (ПА);Продажа;-137;Отгрузка клиенту
2026-08-28;REP-8;Репшнур 8мм (ПА);Приход;205;Производство (плетение)
2026-08-28;REP-7;Репшнур 7мм (арамид);Приход;168;Производство (плетение)
2026-08-28;REP-6;Репшнур 6мм (ПА);Продажа;-392;Отгрузка клиенту
2026-08-28;REP-6;Репшнур 6мм (ПА);Приход;389;Производство (плетение)
2026-08-28;REP-4;Репшнур 4мм (ПА);Продажа;-226;Отгрузка клиенту
2026-08-28;REP-4;Репшнур 4мм (ПА);Приход;309;Производство (плетение)
2026-08-28;DYN-105;Верёвка динамическая 10.5мм;Продажа;-34;Отгрузка клиенту
2026-08-28;DYN-105;Верёвка динамическая 10.5мм;Приход;57;Производство (плетение)
2026-08-28;DYN-98;Верёвка динамическая 9.8мм;Продажа;-62;Отгрузка клиенту
2026-08-28;DYN-98;Верёвка динамическая 9.8мм;Приход;56;Производство (плетение)
2026-08-28;STAT-12;Верёвка статическая 12мм;Продажа;-94;Отгрузка клиенту
2026-08-28;STAT-12;Верёвка статическая 12мм;Приход;74;Производство (плетение)
2026-08-28;STAT-11;Верёвка статическая 11мм;Продажа;-70;Отгрузка клиенту
2026-08-28;STAT-11;Верёвка статическая 11мм;Приход;132;Производство (плетение)
2026-08-28;STAT-105;Верёвка статическая 10.5мм;Продажа;-76;Отгрузка клиенту
2026-08-28;STAT-105;Верёвка статическая 10.5мм;Приход;171;Производство (плетение)
2026-08-28;STAT-10;Верёвка статическая 10мм;Продажа;-122;Отгрузка клиенту
2026-08-28;STAT-10;Верёвка статическая 10мм;Приход;202;Производство (плетение)
2026-08-28;STAT-9;Верёвка статическая 9мм (ПЭС оплётка);Продажа;-107;Отгрузка клиенту
2026-08-28;STAT-9;Верёвка статическая 9мм (ПЭС оплётка);Приход;134;Производство (плетение)
2026-08-28;TAPE-PK;Скотч упаковочный;Расход;-22.8;Расход в производство
2026-08-28;PKG-BOX;Коробки картонные;Расход;-38.2;Расход в производство
2026-08-28;PKG-STR;Стрейч-плёнка;Расход;-18;Расход в производство
2026-08-28;SPOOL-L;Катушки большие (упаков. верёвки);Расход;-14.6;Расход в производство
2026-08-28;GLS-R;Ровинг стеклянный;Расход;-33.5;Расход в производство
2026-08-28;BAS-R;Ровинг базальтовый;Расход;-26.9;Расход в производство
2026-08-28;SIL-F;Волокно кремнеземное;Расход;-18.7;Расход в производство
2026-08-28;ARAM-F;Нить арамидная (Русар);Расход;-13;Расход в производство
2026-08-28;HMPE-F;Волокно HMPE (Dyneema SK78);Расход;-12.8;Расход в производство
2026-08-27;PACK-10;Верёвка упакованная 10мм (бухты);Приход;453;Производство (плетение)
2026-08-27;HORSE-10;Шнур конный спорт 10мм;Продажа;-66;Отгрузка клиенту
2026-08-27;HORSE-10;Шнур конный спорт 10мм;Приход;137;Производство (плетение)
2026-08-27;HORSE-8;Шнур конный спорт 8мм;Приход;173;Производство (плетение)
2026-08-27;BANNER-4;Шнур баннерный 4мм;Приход;366;Производство (плетение)
2026-08-27;BANNER-3;Шнур баннерный 3мм;Продажа;-400;Отгрузка клиенту
2026-08-27;BANNER-3;Шнур баннерный 3мм;Приход;582;Производство (плетение)
2026-08-27;BAG-5;Шнур для пакетов 5мм;Продажа;-341;Отгрузка клиенту
2026-08-27;BAG-5;Шнур для пакетов 5мм;Приход;615;Производство (плетение)
2026-08-27;BAG-4;Шнур для пакетов 4мм;Продажа;-883;Отгрузка клиенту
2026-08-27;BAG-4;Шнур для пакетов 4мм;Приход;841;Производство (плетение)
2026-08-27;CARGO-24;Канат грузовой 24мм;Приход;56;Производство (плетение)
2026-08-27;CARGO-20;Канат грузовой 20мм;Продажа;-96;Отгрузка клиенту
2026-08-27;CARGO-20;Канат грузовой 20мм;Приход;97;Производство (плетение)
2026-08-27;CARGO-16;Канат грузовой 16мм;Продажа;-178;Отгрузка клиенту
2026-08-27;CARGO-16;Канат грузовой 16мм;Приход;139;Производство (плетение)
2026-08-27;FENCE-10;Канат ограждающий 10мм;Приход;180;Производство (плетение)
2026-08-27;FENCE-8;Канат ограждающий 8мм;Продажа;-189;Отгрузка клиенту
2026-08-27;FENCE-8;Канат ограждающий 8мм;Приход;257;Производство (плетение)
2026-08-27;FENCE-6;Канат ограждающий 6мм;Продажа;-342;Отгрузка клиенту
2026-08-27;FENCE-6;Канат ограждающий 6мм;Приход;293;Производство (плетение)
2026-08-27;CABLE-8;Трос-лидер 8мм;Продажа;-100;Отгрузка клиенту
2026-08-27;CABLE-8;Трос-лидер 8мм;Приход;123;Производство (плетение)
2026-08-27;CABLE-6;Канат для протяжки кабеля 6мм;Продажа;-189;Отгрузка клиенту
2026-08-27;CABLE-6;Канат для протяжки кабеля 6мм;Приход;166;Производство (плетение)
2026-08-27;CABLE-4;Канат для протяжки кабеля 4мм;Продажа;-277;Отгрузка клиенту
2026-08-27;CABLE-4;Канат для протяжки кабеля 4мм;Приход;235;Производство (плетение)
2026-08-27;LEER-8;Леер для лодок 8мм;Продажа;-87;Отгрузка клиенту
2026-08-27;LEER-8;Леер для лодок 8мм;Приход;94;Производство (плетение)
2026-08-27;LEER-6;Леер для лодок 6мм;Приход;170;Производство (плетение)
2026-08-27;LEER-5;Леер для лодок 5мм;Приход;194;Производство (плетение)
2026-08-27;YAHT-12;Канат яхтенный 12мм;Продажа;-107;Отгрузка клиенту
2026-08-27;YAHT-12;Канат яхтенный 12мм;Приход;99;Производство (плетение)
2026-08-27;YAHT-10;Канат яхтенный (фалы) 10мм;Продажа;-80;Отгрузка клиенту
2026-08-27;YAHT-10;Канат яхтенный (фалы) 10мм;Приход;177;Производство (плетение)
2026-08-27;YAHT-8;Канат яхтенный 8мм;Приход;202;Производство (плетение)
2026-08-27;YAHT-6;Канат яхтенный (шкоты) 6мм;Продажа;-155;Отгрузка клиенту
2026-08-27;YAHT-6;Канат яхтенный (шкоты) 6мм;Приход;251;Производство (плетение)
2026-08-27;FISH-3;Шнур рыболовный 3мм;Продажа;-170;Отгрузка клиенту
2026-08-27;FISH-3;Шнур рыболовный 3мм;Приход;334;Производство (плетение)
2026-08-27;FISH-25;Шнур рыболовный 2.5мм;Продажа;-435;Отгрузка клиенту
2026-08-27;FISH-25;Шнур рыболовный 2.5мм;Приход;377;Производство (плетение)
2026-08-27;FISH-18;Шнур рыболовный (throwline) 1.8мм;Продажа;-631;Отгрузка клиенту
2026-08-27;FISH-18;Шнур рыболовный (throwline) 1.8мм;Приход;618;Производство (плетение)
2026-08-27;GLS-10;Шнур стеклянный 10мм;Продажа;-49;Отгрузка клиенту
2026-08-27;GLS-10;Шнур стеклянный 10мм;Приход;60;Производство (плетение)
2026-08-27;GLS-8;Шнур стеклянный 8мм;Продажа;-61;Отгрузка клиенту
2026-08-27;GLS-8;Шнур стеклянный 8мм;Приход;84;Производство (плетение)
2026-08-27;GLS-6;Шнур стеклянный 6мм;Продажа;-111;Отгрузка клиенту
2026-08-27;GLS-6;Шнур стеклянный 6мм;Приход;117;Производство (плетение)
2026-08-27;GLS-4;Шнур стеклянный 4мм;Приход;117;Производство (плетение)
2026-08-27;BAS-12;Шнур базальтовый 12мм;Продажа;-37;Отгрузка клиенту
2026-08-27;BAS-12;Шнур базальтовый 12мм;Приход;79;Производство (плетение)
2026-08-27;BAS-10;Шнур базальтовый 10мм (сердечник);Продажа;-66;Отгрузка клиенту
2026-08-27;BAS-10;Шнур базальтовый 10мм (сердечник);Приход;95;Производство (плетение)
2026-08-27;BAS-8;Шнур базальтовый 8мм (сердечник);Приход;123;Производство (плетение)
2026-08-27;BAS-6;Шнур базальтовый 6мм (до 500°C);Приход;144;Производство (плетение)
2026-08-27;SIL-18;Шнур кремнеземный 18мм;Продажа;-31;Отгрузка клиенту
2026-08-27;SIL-18;Шнур кремнеземный 18мм;Приход;32;Производство (плетение)
2026-08-27;SIL-16;Шнур кремнеземный 16мм;Продажа;-23;Отгрузка клиенту
2026-08-27;SIL-16;Шнур кремнеземный 16мм;Приход;46;Производство (плетение)
2026-08-27;SIL-14;Шнур кремнеземный 14мм;Приход;59;Производство (плетение)
2026-08-27;SIL-12;Шнур кремнеземный 12мм;Продажа;-54;Отгрузка клиенту
2026-08-27;SIL-12;Шнур кремнеземный 12мм;Приход;87;Производство (плетение)
2026-08-27;SIL-10;Шнур кремнеземный 10мм;Приход;104;Производство (плетение)
2026-08-27;SIL-8;Шнур кремнеземный 8мм;Продажа;-69;Отгрузка клиенту
2026-08-27;SIL-8;Шнур кремнеземный 8мм;Приход;129;Производство (плетение)
2026-08-27;SIL-6;Шнур кремнеземный 6мм;Продажа;-162;Отгрузка клиенту
2026-08-27;SIL-6;Шнур кремнеземный 6мм;Приход;162;Производство (плетение)
2026-08-27;SIL-4;Шнур кремнеземный 4мм;Приход;172;Производство (плетение)
2026-08-27;PE-10;Канат полиэтиленовый 10мм;Продажа;-163;Отгрузка клиенту
2026-08-27;PE-10;Канат полиэтиленовый 10мм;Приход;216;Производство (плетение)
2026-08-27;PE-8;Канат полиэтиленовый 8мм;Приход;290;Производство (плетение)
2026-08-27;PE-6;Канат полиэтиленовый 6мм;Продажа;-256;Отгрузка клиенту
2026-08-27;PE-6;Канат полиэтиленовый 6мм;Приход;357;Производство (плетение)
2026-08-27;PP-40;Канат ПП 40мм (48-прядный);Приход;20;Производство (плетение)
2026-08-27;PP-32;Канат ПП 32мм (48-прядный);Продажа;-38;Отгрузка клиенту
2026-08-27;PP-32;Канат ПП 32мм (48-прядный);Приход;37;Производство (плетение)
2026-08-27;PP-24;Канат ПП 24мм (48-прядный);Приход;89;Производство (плетение)
